user_id,deposit_amount,trade_amount,withdrawal_amount,deposit_count,trade_count,withdrawal_count,withdraw_address_unique_count,withdraw_ip_unique_count,deposit_ip_unique_count,asset_pair_unique_count
U0000001,8409.850512,6955.280269,4455.531172,4,14,1,1,1,1,6
U0000002,10074.89552,4295.795736,8961.15302,13,14,11,3,2,1,6
U0000003,16397.755845,7722.322639,7885.6847,16,33,9,1,3,1,6
U0000004,1549.578011,1429.4697879999999,207.457836,17,15,6,1,2,2,5
U0000005,4669.891741,1983.3436629999999,705.912738,5,21,5,2,3,2,5
U0000006,6832.252995,5893.492738,7191.074543,17,25,13,2,4,2,6
U0000007,3727.253399,3474.7055649999998,443.215751,8,16,6,2,2,2,3
U0000008,1845.333887,1216.404221,788.187918,7,8,2,1,1,2,4
U0000009,1974.1534820000002,2172.737876,853.182803,4,6,2,2,1,2,4
U0000010,9518.40653,3803.332502,1148.283293,8,13,3,2,1,1,4
U0000011,1338.579457,1358.637261,327.590446,11,29,6,2,2,1,6
U0000012,2465.325039,2695.8455679999997,3193.709968,4,9,3,2,2,1,5
U0000013,4491.969369,4606.674899000001,4398.119693000001,4,10,3,1,2,1,5
U0000014,4545.361907,4378.304583,3643.470425,8,21,8,3,1,1,5
U0000015,3272.6819189999997,1435.329024,87.194205,3,15,1,1,1,2,5
U0000016,4674.762829,6604.502655,3044.298671,11,17,5,1,2,1,6
U0000017,4808.53669,6940.5768530000005,6078.485933,9,21,8,2,2,2,6
U0000018,4649.026664999999,4002.691176,4981.304126,2,10,4,2,3,1,3
U0000019,4621.648829,2839.117719,3722.053524,6,15,3,1,2,2,5
U0000020,4673.876815,4868.960765,4101.445275,7,17,7,1,2,1,5
U0000021,2080.849478,2309.584073,1100.005053,4,16,3,2,1,2,4
U0000022,21399.119333,2819.691131,4103.28535,10,17,3,2,2,1,6
U0000023,3325.50187,3701.012897,1690.544914,11,19,12,3,3,1,5
U0000024,6032.185495,3205.351914,502.369599,5,8,7,1,2,1,4
U0000025,6168.5592719999995,6291.6889,834.5983309999999,8,13,3,2,2,1,5
U0000026,5039.450667,2668.497148,2661.739663,7,18,2,1,2,2,5
U0000027,954.8043829999999,730.850876,265.835504,4,9,4,1,1,2,3
U0000028,13525.070182,8649.220719,2233.87586,8,11,4,3,3,2,4
U0000029,2225.498739,3218.4554,2363.924082,4,7,2,2,2,1,4
U0000030,2409.127658,3196.526626,787.2698340000001,4,6,4,1,2,2,3
U0000031,1554.016946,1781.383985,413.696819,4,6,1,1,1,1,4
U0000032,7702.779266,12639.486314,10242.779601999999,3,10,4,1,1,1,4
U0000033,9083.319593,16788.562293,7890.497247,2,3,2,1,1,1,3
U0000034,6591.775162,5565.887766,2882.288654,1,8,5,2,1,1,4
U0000035,5952.448182,5772.726798,6609.027835,5,25,6,1,2,2,6
U0000036,6543.4928469999995,3858.362778,4164.323747,3,8,6,2,2,1,3
U0000037,10156.261838,14364.449776,8689.5691,5,26,4,2,1,1,6
U0000038,3068.449687,2876.724196,2015.1809440000002,8,13,3,2,1,2,5
U0000039,3198.372821,2640.630292,3494.481702,4,10,2,2,1,1,4
U0000040,6237.55914,1703.328229,3030.783389,3,9,5,2,1,1,4
U0000041,1175.159518,1166.19045,827.572535,3,9,4,2,3,1,5
U0000042,3738.030531,5401.571842,1346.699049,6,10,3,2,2,1,4
U0000043,1204.568124,832.626736,994.894351,4,11,5,1,2,1,5
U0000044,868.580216,779.119884,420.510564,7,13,6,3,2,1,5
U0000045,2723.5796840000003,718.912385,432.324472,5,8,2,1,2,1,4
U0000046,3703.377086,1222.943763,1059.454698,5,13,3,2,2,2,5
U0000047,4010.022215,3076.205948,1154.444131,6,16,6,1,2,2,6
U0000048,3029.79354,3109.697309,1570.2719889999998,6,25,5,1,1,1,5
U0000049,1597.478685,2498.920349,2752.454899,5,16,9,3,1,2,6
U0000050,4912.519894999999,4219.545618,4465.855186,12,21,6,2,2,1,5
U0000051,11146.866687,7350.381805,1060.0742989999999,5,13,3,2,2,1,5
U0000052,17566.193876,22600.753613,13597.619779,7,18,6,3,1,2,5
U0000053,17840.192193,34862.706427,1983.3862100000001,4,9,2,1,1,1,3
U0000054,5594.716612,4782.422373,3172.595779,6,7,4,2,2,1,3
U0000055,4947.128094,5034.268074,6075.776678,9,25,8,2,3,1,5
U0000056,12582.616796,12038.11925,17081.983248,2,6,3,1,1,2,5
U0000057,1276.950997,1695.795493,696.9811119999999,8,22,5,2,2,1,6
U0000058,6222.738755,6770.776376,5428.394402,1,8,4,3,3,1,6
U0000059,7614.730614,5110.806434,2512.132684,12,36,12,2,2,1,6
U0000060,3502.722268,3761.1654129999997,3166.117282,7,13,1,1,1,1,6
U0000061,550.752406,705.894309,313.40279,10,31,16,3,2,1,6
U0000062,685.521964,1841.986954,1235.957977,5,19,6,2,3,1,5
U0000063,7554.9825040000005,11533.29838,7953.4648609999995,7,26,6,1,1,1,6
U0000064,13246.711878,10246.019186,11866.668861,18,32,11,1,2,1,6
U0000065,13797.662392,11857.116518,5677.562068,10,22,3,2,1,1,6
U0000066,4956.817707,4900.920615,4051.609159,7,21,5,1,1,2,5
U0000067,6516.229473,5867.0812399999995,1517.057559,3,4,3,1,2,1,3
U0000068,3394.284229,3083.57771,512.985544,3,6,4,2,1,1,4
U0000069,7990.5582939999995,2584.091973,607.57197,17,47,12,1,3,1,6
U0000070,1996.331631,1449.959098,1180.715312,4,11,3,1,1,2,5
U0000071,4523.569065,4659.420062,2730.1337439999998,12,27,11,2,2,1,4
U0000072,1752.14616,770.177902,221.155847,3,9,1,1,1,1,4
U0000073,4911.374637,3847.639481,4661.224092,3,6,1,1,1,1,3
U0000074,2412.886112,566.31619,1533.394792,4,26,9,3,2,2,6
U0000075,2119.648432,549.034566,783.400265,6,13,2,1,1,2,5
U0000076,12343.389356,7467.706735,3836.033893,9,28,7,2,1,1,6
U0000077,10404.340079,6219.107505999999,6433.281797,6,6,1,1,1,2,3
U0000078,6460.164858,2110.129667,1323.896405,9,19,3,1,1,2,5
U0000079,14788.536452999999,12788.391355,4826.660097,4,11,5,3,2,1,4
U0000080,4709.39632,5756.15266,3015.9163399999998,4,16,2,1,1,1,6
U0000081,5153.914675,4507.570813,3127.48021,10,13,6,1,3,1,4
U0000082,3808.687738,4102.377005,1152.020888,3,10,3,2,1,1,4
U0000083,8530.827238,9184.015927,2424.579788,6,8,2,2,2,1,4
U0000084,6540.207189,8068.802531,6561.662192000001,7,16,4,1,1,1,6
U0000085,9699.803531,7052.36731,4475.749007,4,10,4,1,1,2,4
U0000086,3319.290724,2536.211352,1230.728252,4,10,4,2,1,2,5
U0000087,4016.477505,1677.693467,1686.135445,6,8,2,1,1,2,4
U0000088,17812.978035,18513.154251,9060.45379,3,10,2,2,1,2,5
U0000089,2588.479616,3105.327668,1336.632818,5,25,3,2,1,1,5
U0000090,1939.988259,2060.292332,687.304766,16,34,6,1,1,2,5
U0000091,9077.863274,3721.40059,1991.120559,4,7,5,1,2,2,4
U0000092,2513.169694,2156.452583,323.946048,8,13,7,1,3,1,3
U0000093,14539.035955,10582.137204999999,6562.649884,3,7,7,3,3,1,3
U0000094,1625.646869,1628.139198,707.37132,7,25,7,1,3,2,5
U0000095,2077.730992,2039.8418709999999,511.646102,9,9,7,2,1,2,5
U0000096,6241.58521,3941.1138539999997,2243.04151,9,12,4,2,3,2,4
U0000097,16539.348824,16513.798531,10701.15066,4,14,4,2,2,2,5
U0000098,2240.107952,2546.46152,492.407418,6,12,6,2,2,1,4
U0000099,2911.859434,1468.713716,252.889119,8,19,3,2,1,1,6
U0000100,3756.420909,1480.279781,190.464931,25,51,14,1,3,1,5
U0000101,3732.906575,2721.018729,2257.574532,11,23,8,2,2,2,5
U0000102,2352.828161,1460.598598,1241.868823,11,25,11,2,1,1,5
U0000103,7518.88781,14395.395836,11388.724184,3,7,1,1,1,1,3
U0000104,2990.972276,4043.9994460000003,2617.904771,6,17,5,2,1,2,6
U0000105,1996.184622,3137.377512,1274.295048,2,7,4,2,1,2,4
U0000106,12370.297727,11063.973167,11644.877876,9,18,11,3,1,1,5
U0000107,7751.819878,10764.082521,7365.300036000001,6,16,2,1,1,2,5
U0000108,4748.460017,5386.233501,4334.722282,8,20,5,1,1,1,5
U0000109,545.426428,1193.5267020000001,515.196232,5,14,3,2,3,2,5
U0000110,15993.100864,14853.523766,10981.793285,3,8,3,1,1,1,5
U0000111,6752.784084000001,4635.5197960000005,7208.571889999999,3,10,2,1,2,2,5
U0000112,4891.025664,2930.97092,2920.579784,2,10,5,2,1,1,5
U0000113,1492.384168,1568.323833,623.9652140000001,10,27,10,2,1,1,4
U0000114,3534.986372,2562.407424,1148.9283560000001,8,16,7,3,3,1,5
U0000115,2316.535584,1920.1600290000001,2307.793901,16,29,6,2,1,1,6
U0000116,3283.754362,1168.4762230000001,1583.672778,7,12,6,3,1,1,5
U0000117,10579.304848,9040.304117,10495.573935,6,13,7,2,3,1,5
U0000118,3046.894053,2849.766062,3125.350469,5,8,5,3,1,1,4
U0000119,7431.216213,1886.8139330000001,2176.512201,7,12,6,3,2,2,4
U0000120,2416.022738,1898.800756,2551.516907,6,13,4,2,3,2,5
U0000121,3419.624608,3090.331361,444.214774,3,16,1,1,1,2,5
U0000122,2898.807185,500.212383,946.86615,4,16,3,2,2,1,5
U0000123,7164.316823,2079.469921,2698.59324,13,34,8,2,2,1,6
U0000124,4916.495272,5982.422525,312.457946,13,25,12,3,1,1,6
U0000125,5801.38792,11258.695129,2435.778306,5,17,6,1,1,2,5
U0000126,7343.020529,6290.440689,1379.518973,5,14,7,2,2,2,5
U0000127,6261.185797,7884.636887,3976.188888,4,6,1,1,1,1,4
U0000128,1373.364033,1608.54412,1055.131035,5,21,6,3,2,2,6
U0000129,3161.845774,1877.7972359999999,713.389345,6,8,6,1,1,2,4
U0000130,12457.555493,3830.003388,8030.557606,4,7,2,1,2,1,4
U0000131,1219.359852,2664.376991,2111.487436,4,14,5,1,3,2,5
U0000132,15216.290839,11662.671159,7530.526633,5,10,1,1,1,1,3
U0000133,2731.627459,3930.178842,2389.8038509999997,3,13,4,3,2,1,5
U0000134,854.1029599999999,840.554736,539.624347,6,18,3,2,2,1,5
U0000135,4971.552654,2326.712946,1550.232751,2,8,2,1,1,1,5
U0000136,3446.667759,1473.049656,2415.369647,11,22,12,2,1,2,5
U0000137,7004.45886,9771.999451,7144.920345,8,24,8,1,2,1,6
U0000138,779.961503,614.036075,739.1873009999999,7,13,7,2,3,1,4
U0000139,5453.628461,5368.826399,2569.1254950000002,7,11,3,1,1,1,4
U0000140,15811.047121,12475.225974,16376.560682,4,7,4,2,3,2,4
U0000141,1226.5444499999999,705.006537,945.8333230000001,7,8,4,2,3,1,4
U0000142,5268.606188,2722.245274,2463.447393,7,21,5,2,2,2,6
U0000143,4230.081634,2967.267729,1371.985311,6,41,6,2,1,2,6
U0000144,4977.305651000001,4953.282254,5026.2677220000005,4,10,5,2,2,1,3
U0000145,1807.676904,5232.983112,609.501793,5,22,5,1,1,1,5
U0000146,6604.459025,1820.742944,4039.31607,5,23,4,2,1,2,5
U0000147,5012.139395,8251.730011,1024.975309,5,11,2,2,1,1,5
U0000148,1781.483292,1681.9464,779.556657,12,18,7,2,1,2,5
U0000149,4212.774359,2824.3932489999997,1527.821367,3,6,5,1,2,1,3
U0000150,2924.699496,1596.103525,869.8451,5,20,8,1,2,1,5
U0000151,1873.4890619999999,2789.300242,617.471574,4,10,3,1,1,2,5
U0000152,1866.777247,2282.197596,1371.766627,11,21,6,3,2,1,6
U0000153,3124.107737,2796.482124,3174.9486190000002,5,16,4,2,1,2,5
U0000154,1393.971619,360.174611,730.206315,7,27,5,1,3,1,6
U0000155,5646.484802,3866.927713,3800.350853,12,19,4,3,2,1,4
U0000156,5305.3387920000005,3867.450132,954.332798,4,20,6,1,2,1,5
U0000157,5065.051762,6749.574963,389.010623,8,17,6,1,1,2,5
U0000158,9650.811918,9959.398255,7333.402551,6,19,8,2,1,1,5
U0000159,2196.849267,2449.820555,3435.299993,3,12,5,1,2,1,5
U0000160,21166.939226,24216.433031,30471.345231,8,10,4,3,2,1,5
U0000161,2546.9564,2049.158025,268.243153,4,13,3,1,1,2,4
U0000162,6308.140398,7814.6482510000005,5941.930945,13,31,7,2,1,1,5
U0000163,4537.848805,6424.222552,3975.115006,11,41,7,3,2,1,6
U0000164,11006.457157,13201.952244,14521.125813,10,16,7,3,3,2,5
U0000165,2147.868422,863.982711,1391.907001,10,27,9,1,3,2,6
U0000166,2635.565829,1753.898913,2599.422733,4,6,8,1,1,2,4
U0000167,4139.476331,3013.426687,3404.494743,4,11,4,1,1,2,5
U0000168,3042.048731,3625.525456,1338.98261,12,52,5,1,1,2,6
U0000169,4650.247066,3369.042102,1177.564652,10,25,9,2,2,2,6
U0000170,4141.9039219999995,674.117275,2460.35925,5,7,5,2,1,2,3
U0000171,4695.253978,1636.043933,917.37811,9,19,3,2,2,1,4
U0000172,1690.022853,783.951992,415.644327,8,18,12,1,1,2,4
U0000173,1900.293112,3025.673897,296.775693,10,21,10,2,1,2,5
U0000174,2943.32229,2400.179691,4723.463624,7,12,1,1,1,2,5
U0000175,8500.060941,13094.00962,3776.600741,7,13,2,1,2,2,5
U0000176,1074.243507,1022.446831,97.379471,13,27,4,2,2,2,6
U0000177,11909.42115,19921.007696,7670.854539,6,10,1,1,1,2,5
U0000178,2632.700842,1431.3758639999999,1506.428736,10,22,5,2,1,2,6
U0000179,2347.369657,4363.5173,1745.490905,1,6,2,2,2,1,4
U0000180,21633.693561,20464.705962,9290.471215,15,24,3,1,3,2,6
U0000181,3243.153478,3432.54219,928.980628,6,16,2,1,1,2,6
U0000182,8665.458956,3341.156703,1200.491029,7,10,3,2,1,1,3
U0000183,5089.150385,5634.046537,5121.834603,4,12,4,2,1,1,4
U0000184,3388.098228,2969.260162,1540.2670010000002,8,18,2,1,1,1,4
U0000185,6829.669385,8563.155032,2140.064199,8,19,6,3,3,1,6
U0000186,6379.210936,6752.135222,650.472224,14,29,12,3,2,1,6
U0000187,5428.782719,1441.074269,2165.6979069999998,6,5,3,2,2,2,3
U0000188,4473.305192,2942.390869,2255.762549,4,7,4,1,1,2,4
U0000189,3387.450455,2364.343794,1169.747529,4,6,2,2,1,1,2
U0000190,4432.415127,2721.589236,1051.269119,2,6,2,2,2,1,4
U0000191,3683.727349,5213.939983,2053.630992,6,28,8,2,1,2,5
U0000192,3328.7050010000003,3086.747201,1342.405321,8,25,6,1,1,1,6
U0000193,7102.0109680000005,3093.063683,2285.494138,25,52,12,2,3,1,6
U0000194,3080.834892,3038.2443869999997,3215.871983,3,13,3,2,1,2,5
U0000195,2427.115671,3054.29961,3003.265641,12,28,10,2,3,2,5
U0000196,2239.110714,886.2678040000001,2377.800585,3,8,5,3,1,1,4
U0000197,2462.0758690000002,1458.921228,545.370503,13,30,7,1,2,2,6
U0000198,3373.391938,2664.379193,1052.344146,6,13,1,1,1,1,5
U0000199,3012.62401,2983.125043,1136.14701,7,25,6,2,2,1,5
U0000200,901.615198,714.924552,1159.29159,5,21,7,1,2,2,6
U0000201,6514.121363,7756.02689,4316.281542,10,18,4,1,2,2,5
U0000202,2443.235996,2634.372655,1032.380993,3,17,1,1,1,1,6
U0000203,6014.240954,4866.3226700000005,2040.954129,6,4,1,1,1,1,3
U0000204,4899.685411,3463.142313,2781.045673,4,6,6,1,3,2,3
U0000205,6240.909540000001,4938.125443,6270.068053,6,12,4,2,1,1,5
U0000206,1458.687821,1635.898759,1489.237159,7,24,9,1,2,2,6
U0000207,18795.129552,16638.578252,9748.05629,11,21,7,2,1,1,6
U0000208,1523.566341,1297.000921,114.53259,6,21,4,1,2,2,6
U0000209,12056.553443,1813.99991,5624.477562,11,19,8,1,2,1,5
U0000210,3521.119011,3864.554099,3057.083805,3,7,3,2,2,1,4
U0000211,1516.685078,2163.553844,1293.4616839999999,12,24,6,3,3,2,6
U0000212,2580.034212,1052.033756,426.413318,4,13,1,1,1,1,5
U0000213,3630.669891,4658.561914,679.079309,1,10,5,1,2,1,4
U0000214,26236.170173,18516.487293,7967.039712000001,7,19,6,1,3,1,5
U0000215,2292.252141,711.871676,1244.350003,13,16,12,2,1,1,5
U0000216,8814.626376,2906.896785,758.129414,2,4,1,1,1,1,1
U0000217,1587.823271,3992.429089,1947.356839,5,16,7,1,1,2,4
U0000218,3062.480386,1487.737742,1792.479158,7,15,4,3,1,1,6
U0000219,2890.747898,1805.584825,1811.013061,9,33,10,1,3,2,6
U0000220,2735.916327,2312.246894,1482.939725,10,16,4,2,2,2,6
U0000221,9899.270806,8761.027487,6902.048106,2,7,4,3,2,1,4
U0000222,1152.90695,459.813048,1006.2430909999999,6,11,4,2,2,1,5
U0000223,682.311061,1037.116432,182.892878,3,11,1,1,1,1,3
U0000224,2467.687826,1375.371394,1288.897349,14,44,10,3,2,1,5
U0000225,7860.421754999999,9099.759328,5953.376768,3,12,7,2,1,1,5
U0000226,2221.732505,3870.564543,1992.177062,11,39,11,3,2,2,6
U0000227,442.204841,524.469415,496.183428,7,10,5,2,3,2,4
U0000228,5731.110582,8709.285415,7132.428812,6,27,8,1,3,1,6
U0000229,9042.154982,3700.510441,1435.792758,5,4,1,1,1,1,3
U0000230,1977.420002,1736.580675,1495.189937,6,19,4,2,2,2,6
U0000231,951.384473,340.781078,111.263171,1,6,1,1,1,1,2
U0000232,1112.548658,1281.524069,1621.37789,6,11,5,2,2,2,5
U0000233,1695.962207,1601.135928,337.450439,3,9,5,2,2,2,4
U0000234,5463.908819,5636.70869,854.655458,5,23,5,1,3,1,6
U0000235,796.4335040000001,1654.938794,243.14930999999999,3,9,5,1,3,1,4
U0000236,2639.47982,975.045703,1454.226833,6,16,4,2,2,1,5
U0000237,3189.936796,2807.240574,871.73983,4,12,3,1,1,1,4
U0000238,4421.628704,6618.108778,1015.142428,5,8,1,1,1,1,5
U0000239,4045.4314130000002,914.806313,1376.851099,7,24,3,1,1,2,6
U0000240,12758.783762000001,7294.069372,9169.632953,6,15,2,2,1,2,5
U0000241,5550.442720999999,3702.280345,2901.491886,5,11,5,3,2,2,4
U0000242,4087.905819,6424.453799,1870.511122,7,13,3,2,2,2,6
U0000243,1359.7369489999999,2107.022977,181.217729,5,12,5,1,3,2,6
U0000244,2531.101327,4312.693845,227.575965,7,22,5,2,2,2,5
U0000245,5158.360859,2619.626534,1770.530221,18,27,9,1,1,2,6
U0000246,414.488767,783.284912,887.998688,6,6,4,1,2,1,3
U0000247,1875.708196,2509.118489,456.813316,3,14,4,1,3,1,4
U0000248,1548.327442,1438.109117,1207.78012,14,24,7,1,1,2,6
U0000249,52659.52408,48439.752164000005,19473.744425,5,7,5,3,3,1,5
U0000250,2590.520059,1446.341876,1436.201603,7,9,2,2,1,1,4
U0000251,7652.097811,5707.401261,7104.704246,6,17,8,1,1,1,6
U0000252,1613.1373939999999,1705.920597,1352.902738,5,13,1,1,1,1,4
U0000253,3958.0854040000004,3143.436532,4455.902696,3,13,6,3,2,1,5
U0000254,1593.105485,547.7714,158.606983,8,11,4,1,1,1,3
U0000255,1063.439387,918.497714,1062.904609,9,8,2,1,2,1,4
U0000256,6389.780092,9248.249485,5284.737113,7,25,5,2,2,2,6
U0000257,424.52740900000003,682.477983,600.064476,2,7,1,1,1,2,5
U0000258,6269.991494,6781.758753,945.606373,9,28,8,1,2,2,6
U0000259,2035.840428,2157.906771,778.8828000000001,6,15,2,1,1,2,4
U0000260,10298.452138,11737.589856,2862.351944,6,17,5,3,1,2,5
U0000261,2823.74977,3767.302408,1219.135711,5,11,5,2,1,2,5
U0000262,6704.768016,5518.619429,1890.119835,3,6,2,1,1,2,4
U0000263,5113.745175,5282.776662,2108.043173,9,15,6,3,3,1,5
U0000264,21188.025847,16759.891105,3980.5174,6,14,5,3,2,1,4
U0000265,30673.519151,32724.123682,28154.694352000002,9,19,11,3,2,2,6
U0000266,17070.310245,13150.477191,14241.734691,5,7,5,2,2,1,4
U0000267,322.055039,439.844935,453.11857100000003,5,17,7,2,1,1,4
U0000268,4005.1229439999997,4673.1387349999995,3854.545326,4,13,5,3,2,2,4
U0000269,3277.04121,1227.536221,921.046208,7,24,5,2,2,1,6
U0000270,885.126803,1269.159619,465.88718800000004,6,17,2,2,1,1,5
U0000271,3390.862907,1175.972764,2182.09103,10,22,9,3,2,1,5
U0000272,3331.212033,4216.330989,919.215205,11,33,8,3,1,1,6
U0000273,6627.243017000001,8631.804222,5000.974781,5,13,7,3,1,1,4
U0000274,7935.688622,9508.78198,4004.493256,9,16,6,2,1,2,6
U0000275,2839.914169,1631.334762,326.921831,8,13,7,1,3,2,6
U0000276,1827.960382,3315.461173,2678.046262,6,16,9,3,3,2,6
U0000277,827.812153,576.106044,581.647862,4,15,7,2,3,1,5
U0000278,2232.654809,1713.160717,1573.3442929999999,18,34,10,1,2,2,6
U0000279,6692.096184,7201.353808,2259.7158360000003,5,7,2,1,2,1,4
U0000280,6694.980216,9489.196797,2141.195709,11,30,7,2,2,1,6
U0000281,2306.580057,2190.301265,1763.422088,8,15,7,1,3,1,5
U0000282,3554.8522789999997,1789.498835,260.75138000000004,4,11,2,1,1,1,5
U0000283,4590.841686,4849.3948869999995,2847.558995,10,13,6,2,2,1,5
U0000284,5757.8760010000005,3928.401326,3641.2828799999997,9,20,6,3,2,1,6
U0000285,768.2403370000001,581.212354,796.261257,8,17,5,3,1,1,6
U0000286,12161.57076,14203.566368,4044.011158,6,17,7,1,2,1,5
U0000287,86770.605601,59192.432722,46858.801225999996,11,15,5,1,1,1,5
U0000288,1671.122007,1520.809984,423.247343,6,14,5,1,1,1,4
U0000289,2165.302647,3685.726715,292.558601,9,10,2,1,1,1,5
U0000290,4273.592321,8632.88017,615.669252,5,15,6,2,2,1,5
U0000291,1077.5469,2229.010597,398.30463599999996,4,14,4,3,3,1,5
U0000292,6384.065045,5443.7460790000005,370.954531,7,12,3,2,3,1,6
U0000293,999.627378,283.158241,79.98060100000001,6,8,7,2,2,1,2
U0000294,7136.595558,14974.152861,12265.742386,5,23,1,1,1,2,6
U0000295,2725.293442,1773.068127,1345.351951,5,16,10,1,2,2,4
U0000296,1958.995263,1829.717198,1392.699274,14,28,5,1,3,2,6
U0000297,2094.841936,2126.284933,2308.957645,10,15,5,3,1,2,5
U0000298,9638.486532,12049.84992,1949.9079219999999,11,21,4,2,1,1,4
U0000299,2629.974226,3053.007511,2394.3601230000004,5,18,2,2,2,2,6
U0000300,723.981934,1273.961602,243.740778,6,17,4,2,2,1,6
U0000301,9393.235698,6327.165488000001,7169.4577389999995,3,16,4,2,1,1,6
U0000302,1675.408454,1227.340061,1049.478537,4,8,8,2,2,2,5
U0000303,6037.414930999999,5308.341348,578.2593469999999,3,8,4,3,3,2,4
U0000304,17002.34016,13803.089789,6625.7966559999995,10,18,8,3,2,2,5
U0000305,29718.320713,24032.226407000002,16843.927525,5,14,5,1,1,2,3
U0000306,13970.903638,15774.338479999999,8199.593658,3,8,2,1,2,1,4
U0000307,4177.79573,1520.982365,481.916804,9,24,5,3,1,2,6
U0000308,3614.21737,6149.843299,5328.629724,4,14,4,2,1,2,5
U0000309,899.953487,1397.664117,468.528821,3,12,5,2,2,1,6
U0000310,5107.715542,2271.2381370000003,890.047445,8,15,4,2,2,2,5
U0000311,6138.954962,1345.266113,842.517288,6,15,6,3,2,2,5
U0000312,6939.419659,7062.42827,333.892651,11,19,5,2,2,2,5
U0000313,3168.700632,3826.616466,4942.414731,2,6,3,2,3,1,3
U0000314,4668.943977,2597.918402,2984.0809050000003,7,12,5,1,2,2,4
U0000315,7825.332658,5192.950736,1356.627683,12,21,7,3,2,2,4
U0000316,5414.601092,7283.412447,5871.473544,4,14,6,2,1,2,6
U0000317,10263.902765,5676.433053,2646.617187,6,7,1,1,1,1,3
U0000318,5489.284952,5843.509688,3262.373606,9,16,6,1,1,2,5
U0000319,8167.436871,5912.589952,2083.622859,4,11,2,2,1,1,4
U0000320,952.085674,986.720265,493.81496200000004,11,16,6,1,2,1,5
U0000321,896.751377,600.749658,131.884152,7,18,3,1,3,2,5
U0000322,1290.560349,484.22195,300.291392,8,17,2,2,1,1,3
U0000323,21091.658328,17159.261932,15014.829096,10,17,4,1,2,1,5
U0000324,4357.799097,6504.00988,272.071941,6,19,4,3,3,1,5
U0000325,9096.075021999999,5151.361932,936.602003,13,19,3,2,2,2,6
U0000326,4055.749584,3917.82867,3491.2451880000003,8,13,3,2,2,1,5
U0000327,11707.613379,6185.359912,14897.372653,2,5,2,1,1,1,3
U0000328,7060.9454129999995,10479.573118,1339.848132,3,14,5,1,2,1,6
U0000329,4819.701387,3462.619338,2279.243497,14,38,8,1,2,2,5
U0000330,980.816552,766.049519,295.411109,4,10,2,1,1,2,5
U0000331,1612.730237,1480.901554,1530.52482,10,22,3,2,1,2,5
U0000332,2998.747984,2282.447328,2424.366787,8,19,15,2,1,1,6
U0000333,2452.277618,2479.901146,867.859547,7,19,7,1,3,2,4
U0000334,5178.155619,2348.751581,3390.844963,7,16,6,2,1,1,5
U0000335,4776.734478,2168.274345,2159.500253,6,13,3,1,2,1,5
U0000336,9910.344131,13919.127727000001,1893.277672,6,14,7,3,1,2,6
U0000337,11091.756444999999,12323.721028,8864.91583,8,12,10,1,3,2,6
U0000338,4744.224006,4851.162717,2663.021363,10,13,4,2,1,2,5
U0000339,4813.676347,4948.616271,2975.610455,7,13,4,2,1,2,5
U0000340,5432.436855,8612.690088,7286.9255299999995,2,6,6,2,1,1,4
U0000341,749.2633840000001,907.470023,523.816597,2,13,3,2,1,1,4
U0000342,6512.134034,5505.906238,641.360924,4,11,4,1,2,2,3
U0000343,6315.248662,6328.372024,1861.448689,18,28,10,1,2,1,5
U0000344,2856.370015,1674.668633,207.650021,9,18,3,3,1,2,6
U0000345,2353.571626,2974.187073,1512.8536980000001,13,32,5,1,2,1,5
U0000346,9691.486691,11740.27429,2561.097585,11,25,6,2,2,2,6
U0000347,10462.330257,11426.311392,1402.376264,10,23,5,1,2,2,6
U0000348,3827.0234960000003,1557.866657,652.229597,23,35,11,1,2,1,6
U0000349,2784.064017,3304.666725,1070.150589,13,29,5,2,2,1,5
U0000350,35869.611837,32441.816597,25776.070302,6,13,4,1,3,1,5
U0000351,4231.940615,3436.348013,332.849589,3,6,3,2,2,2,3
U0000352,9676.746931,2995.494628,6403.816328,11,20,8,3,1,1,5
U0000353,3159.6595,1898.007312,1644.683529,20,28,15,1,2,1,6
U0000354,10702.059405,10988.310473,9940.006446,5,17,2,2,2,1,5
U0000355,2922.898834,1060.492338,977.841216,12,14,5,1,2,2,5
U0000356,11283.566549,6544.401951,801.447932,6,10,4,2,3,1,5
U0000357,2974.721198,2425.077689,92.146226,7,15,2,1,1,1,5
U0000358,3757.1812640000003,1641.956342,2487.555894,10,14,3,2,2,1,4
U0000359,9199.765419,8942.549884,7570.997641,6,8,4,3,2,2,3
U0000360,15616.672281,13495.076479,9005.466507000001,6,25,5,1,1,2,6
U0000361,1396.619806,1015.030865,1011.7471380000001,3,8,2,2,2,1,2
U0000362,2236.245867,927.361916,346.27829099999997,10,11,2,1,2,1,4
U0000363,1389.9220500000001,438.54142,63.997313,7,11,4,3,1,1,4
U0000364,10326.538564,14204.389842999999,11480.196234000001,8,17,4,2,2,2,5
U0000365,12767.424082,4527.874433,4177.573482,13,36,18,1,1,2,6
U0000366,2092.066459,5072.852416,1544.154934,5,20,6,2,2,2,6
U0000367,1555.561749,1102.103159,1336.871971,8,15,4,2,3,1,5
U0000368,1966.711239,3948.32885,1086.223398,5,19,5,1,1,2,6
U0000369,1029.95708,5464.1033800000005,2014.558391,1,5,2,2,1,1,4
U0000370,1907.712272,419.567557,1078.70037,19,36,13,2,2,1,6
U0000371,5489.56134,4030.706258,2137.035544,7,16,4,2,1,2,6
U0000372,2508.711967,717.51512,638.778353,3,12,2,1,1,1,5
U0000373,3022.947497,3104.637858,1808.90317,2,13,3,1,2,2,4
U0000374,6133.098331,5046.246015000001,7020.554691,3,10,1,1,1,1,4
U0000375,6564.701497,3790.061751,4825.374367,3,9,1,1,1,1,5
U0000376,1783.3684680000001,1390.199838,2307.574701,4,9,2,1,2,1,5
U0000377,11875.051604,7666.256151,6725.183642,4,11,3,2,1,1,3
U0000378,4425.172462,3428.244634,3878.804537,20,29,12,3,3,2,6
U0000379,2399.046499,2346.859367,390.937401,6,4,1,1,1,1,4
U0000380,2828.095143,1265.377644,1475.932322,4,16,3,1,2,1,5
U0000381,1867.79351,1021.094695,313.058498,8,9,6,3,2,2,5
U0000382,2115.850023,1617.462264,1147.231103,2,8,2,1,1,2,4
U0000383,2291.485852,826.995774,691.356893,3,14,4,1,2,1,6
U0000384,3466.294871,2745.618822,3692.911341,6,11,5,2,2,1,4
U0000385,1549.651513,4301.605262,2687.018837,2,13,2,1,2,1,6
U0000386,17555.533143,10307.747606,4067.428759,3,5,3,2,2,1,4
U0000387,3828.900099,5714.6044999999995,6613.056479,4,7,4,1,2,2,4
U0000388,2405.7143579999997,2784.086697,1680.855403,8,15,5,3,1,2,5
U0000389,2601.242328,2400.628543,2500.919364,14,27,16,4,4,1,6
U0000390,3073.927479,2853.482931,623.827718,10,13,5,2,2,1,5
U0000391,11591.871978,11464.348554,6905.295142,9,27,4,2,1,2,6
U0000392,8065.604254,8105.108577,3316.290837,10,26,4,1,2,1,6
U0000393,821.444506,892.217427,52.710926,4,4,5,3,3,2,3
U0000394,5841.987999,2600.471631,1855.354202,8,9,5,2,2,1,3
U0000395,2358.692081,1974.546997,1309.8351659999998,12,24,3,2,2,2,6
U0000396,2506.000899,399.792078,120.760696,5,9,2,1,1,1,3
U0000397,1368.593443,1327.419861,1584.469357,4,11,7,2,2,2,5
U0000398,4251.571637,4770.953381,1755.772116,9,22,6,3,3,2,6
U0000399,1537.70959,3784.166572,357.678923,8,28,1,1,1,1,5
U0000400,3569.60362,4914.241525,1504.531561,7,13,5,1,2,2,5
U0000401,2310.43679,554.384293,327.320598,11,13,7,3,1,1,5
U0000402,9097.977051,8435.541349,1944.454595,2,6,1,1,1,2,3
U0000403,10812.892826,11261.821499,6446.0759,5,12,2,2,1,1,6
U0000404,3446.2684010000003,5419.593085,3733.896123,4,14,9,2,1,1,6
U0000405,4301.629065,4519.059437,4166.217293,4,15,6,2,2,1,5
U0000406,12661.172225,8965.438104,6827.0487299999995,6,18,6,1,1,2,5
U0000407,18377.620662,17495.722158,19828.735224,8,11,3,1,2,1,5
U0000408,11127.064837,11675.697037,5606.163884,6,8,5,1,3,2,3
U0000409,5133.2321680000005,5129.656131,3113.810295,5,13,3,3,2,1,5
U0000410,4789.190854,5920.870104,5197.817934000001,12,30,9,2,2,2,5
U0000411,2326.8211690000003,1963.238895,1771.8931890000001,11,21,5,2,1,1,5
U0000412,1291.259027,1429.472172,1723.880587,9,16,9,2,3,1,5
U0000413,2564.952327,2795.204629,1321.59736,7,13,3,1,2,2,4
U0000414,5717.095361,10595.700415,841.138822,2,23,5,1,2,1,4
U0000415,5072.845266,3718.076805,5375.141183,8,15,6,1,1,1,4
U0000416,9443.945962,2403.765153,2107.528287,4,17,2,2,1,1,6
U0000417,1211.608993,1772.496056,1056.500959,4,9,3,3,2,2,6
U0000418,9379.970659999999,7872.91715,10225.993019000001,6,8,2,2,2,2,3
U0000419,6343.51601,1502.1993710000002,1637.63935,7,10,3,1,2,2,5
U0000420,6514.777004,1196.076302,1798.332252,5,18,7,3,3,2,5
U0000421,2016.730591,2114.094852,1419.384254,5,12,6,2,3,2,4
U0000422,2687.005664,3017.076541,919.535304,15,16,3,1,2,1,5
U0000423,3468.386496,2644.142985,1230.024551,8,17,4,2,2,1,6
U0000424,4163.284403,4885.496898,3279.652963,9,19,3,2,1,1,5
U0000425,7932.796306,7981.041649,7076.832176999999,3,13,3,2,1,2,5
U0000426,4902.323287,3778.343462,4627.960743,8,20,9,3,3,2,5
U0000427,29067.780501999998,20246.204129,4965.226739,4,10,2,2,1,2,3
U0000428,1928.372336,2316.733629,1584.0463590000002,7,22,3,1,1,1,6
U0000429,2194.3156480000002,1745.259205,909.4463460000001,4,13,5,3,1,1,5
U0000430,4271.067894,4074.615862,2648.58367,18,32,9,3,2,2,4
U0000431,1225.630524,298.913722,631.920122,8,20,6,3,3,1,6
U0000432,6116.468934,3709.451498,7066.789528,8,26,7,1,1,1,6
U0000433,5630.385037,5284.562901,1702.039581,7,17,3,1,2,2,6
U0000434,14374.60273,12830.664754,5897.3868729999995,16,24,3,2,3,2,5
U0000435,3696.313151,3510.903548,1829.2504099999999,10,26,2,1,2,1,6
U0000436,6410.621262,1264.003359,4833.957853,4,7,3,1,2,2,3
U0000437,3475.919489,3188.354637,3258.028921,9,24,9,1,1,2,4
U0000438,6622.4767870000005,1582.829702,1708.910696,6,7,3,3,1,1,3
U0000439,14439.024454,6159.6042449999995,3795.216473,4,8,6,2,3,1,4
U0000440,2804.182085,2434.872164,605.3640780000001,3,12,3,2,2,1,6
U0000441,2166.2272620000003,1252.75668,1319.119131,5,12,4,1,1,2,5
U0000442,3228.268886,3335.1513210000003,527.382221,6,12,4,2,2,2,6
U0000443,1098.367605,1304.3943179999999,1188.767199,6,18,4,2,2,2,6
U0000444,1780.597861,1607.4949239999999,2489.384375,7,8,4,2,2,1,5
U0000445,2539.180523,1022.942225,2589.76213,9,11,4,3,1,2,4
U0000446,4728.539241,2984.248475,676.459274,5,13,4,2,3,1,4
U0000447,5284.494001,3549.942298,3870.434026,20,51,13,3,2,2,6
U0000448,4951.943845,9936.692577,11085.590603999999,3,8,2,1,2,1,5
U0000449,24025.152255,35741.010557,24946.720494,5,10,2,2,1,1,4
U0000450,6473.7913,15611.44485,13013.515438999999,3,7,3,2,1,1,2
U0000451,284.087737,432.108618,486.004797,3,19,8,2,3,1,6
U0000452,2664.390739,1374.804886,520.370949,6,17,3,2,1,1,5
U0000453,4693.844127,4356.905473,2424.482183,6,8,3,2,2,1,4
U0000454,1627.214478,1574.282805,991.603266,7,27,10,3,1,1,5
U0000455,3353.231962,2961.45013,785.071279,1,11,3,1,2,1,5
U0000456,8499.646494999999,8471.636922,7032.045764,18,37,12,1,3,2,6
U0000457,3919.6897120000003,4152.030692,1577.97357,8,18,8,2,2,2,4
U0000458,3110.149234,2895.948859,212.81982399999998,7,9,2,1,1,1,4
U0000459,3323.844251,2566.4075080000002,1823.567649,5,7,3,2,1,1,5
U0000460,1909.247092,1153.53028,733.5767,7,24,11,1,1,1,6
U0000461,8015.92742,7647.361475,3979.836743,17,27,10,2,3,2,6
U0000462,13832.755914,7805.934925,6222.529066,6,13,4,3,3,1,5
U0000463,2681.7618039999998,2300.223971,1493.80132,8,6,4,2,2,2,3
U0000464,414.60058300000003,201.944367,235.08715999999998,3,12,6,3,1,1,5
U0000465,5304.412506000001,3373.330574,3347.833262,6,14,5,1,3,1,4
U0000466,1596.934862,1696.795553,946.7428580000001,8,13,5,2,1,1,5
U0000467,26993.105931,32628.790036,15523.255120999998,5,16,6,2,3,1,5
U0000468,6847.843339,2572.840663,4712.398614,11,23,3,2,1,1,4
U0000469,9557.716059,9482.353268,5177.752924,5,10,5,1,3,1,5
U0000470,2787.111508,1988.7211909999999,1359.885736,6,11,4,3,1,1,4
U0000471,3423.519523,2147.862584,815.2217870000001,7,24,12,1,1,1,4
U0000472,3960.8296920000003,6895.010107,4135.793952,4,26,7,2,2,2,5
U0000473,8465.847743,2658.126589,5528.934337,14,22,4,2,1,1,5
U0000474,1728.52032,1058.493068,1667.472215,1,6,6,3,2,1,4
U0000475,9078.090802,4188.244383,2760.748342,5,7,3,2,2,1,3
U0000476,7128.676669,6938.617447,6175.517765,12,21,7,2,1,1,5
U0000477,7331.940676,6666.396048,474.281991,11,19,11,3,1,1,6
U0000478,4941.078773,5453.406266,1189.020919,10,30,11,3,1,1,6
U0000479,12220.257332000001,6902.6535730000005,5983.768495,10,12,6,2,1,1,5
U0000480,1344.543449,881.340079,195.275696,6,21,5,1,2,1,5
U0000481,7370.4006340000005,7481.376016,5639.177591,10,18,11,3,1,1,5
U0000482,2375.184042,1701.867763,1306.642497,8,17,6,3,3,1,6
U0000483,18511.308397,6053.007574,14026.729884999999,9,16,7,1,3,1,5
U0000484,11179.875516,4757.087988,6303.600304,4,14,6,1,2,1,4
U0000485,7319.887267,2159.461742,6432.950051,16,28,8,1,2,2,6
U0000486,5384.662177,5316.301034,1302.034942,18,36,12,2,2,1,6
U0000487,3897.517553,2289.508954,3570.329954,4,4,2,2,1,1,4
U0000488,8835.101702,9096.53401,4963.178555,3,17,3,1,2,1,5
U0000489,1074.4340849999999,2835.2796280000002,260.156069,2,17,4,1,2,1,5
U0000490,2422.6672280000003,2161.303409,1202.465882,6,9,4,3,1,2,5
U0000491,12224.87864,8739.188838,7037.964635,4,14,4,2,2,1,6
U0000492,1152.890292,871.028412,937.803577,3,12,7,2,2,1,5
U0000493,599.591313,1719.265792,896.471819,1,9,4,1,2,1,5
U0000494,3245.850774,1566.558783,4245.374877,3,7,2,1,2,1,3
U0000495,902.520291,605.006724,564.424215,8,27,8,1,3,1,5
U0000496,31638.392449,23294.756515,16683.68422,17,15,4,3,3,2,5
U0000497,3487.742093,2760.227304,1164.62347,5,18,6,2,1,1,5
U0000498,8360.301849,10062.786259,4540.886014,5,22,5,2,3,2,5
U0000499,1831.299945,3543.144832,3389.863583,8,23,8,4,3,2,5
U0000500,5948.9189160000005,5970.03098,874.422598,4,17,5,2,1,2,5
U0000501,767.449797,1055.830104,627.785819,3,8,3,1,2,1,4
U0000502,4699.10494,1443.314697,2297.54398,12,20,15,1,3,2,5
U0000503,19141.937223,16547.305055,4342.156501,12,20,2,2,1,1,4
U0000504,18032.028799,12118.963437999999,18057.59481,4,11,3,2,3,1,3
U0000505,9652.281903000001,9588.391745,6609.037115,14,41,7,2,3,2,6
U0000506,2782.877658,1803.271049,2018.9725509999998,5,14,3,2,2,1,5
U0000507,244.722459,298.849857,301.572204,6,15,5,2,1,1,6
U0000508,810.178488,1197.34147,319.021197,3,14,1,1,1,1,6
U0000509,11139.693234,11183.030472,12098.367682,4,5,1,1,1,1,4
U0000510,2041.350254,1894.67641,1589.346305,9,27,4,2,2,1,6
U0000511,5072.727475,1269.977851,2315.549937,7,13,5,3,3,2,6
U0000512,3867.460209,2851.944486,466.013176,8,13,5,2,3,2,5
U0000513,426.277117,1754.931879,1138.915277,1,8,2,1,2,1,5
U0000514,10014.871744,12220.535289,9356.339083,8,30,7,1,2,2,6
U0000515,6403.48539,9705.528143,2078.320062,7,11,7,2,2,1,5
U0000516,6928.168912,6333.178227,777.123163,5,9,5,1,3,2,5
U0000517,3822.407765,3294.437219,607.754872,7,8,1,1,1,1,5
U0000518,2224.592949,1383.479888,282.457735,6,7,3,1,2,2,3
U0000519,4260.110486,6207.010532,1203.342173,9,18,6,1,1,2,5
U0000520,4638.997459,2877.999717,3494.27536,6,25,3,1,2,2,6
U0000521,3356.960362,3663.815791,3116.3865450000003,28,45,19,4,2,2,6
U0000522,873.046127,1619.735785,57.047392,5,6,1,1,1,2,4
U0000523,4060.911799,3014.253105,854.306609,2,8,2,1,1,1,4
U0000524,2193.189383,2676.528015,1361.799847,3,17,3,2,2,1,5
U0000525,1604.991911,799.216408,1357.33385,8,13,6,3,1,2,4
U0000526,10071.927902,22163.043606,15238.538943,2,16,1,1,1,1,4
U0000527,1882.528947,3125.870306,2025.921498,8,16,7,3,2,1,6
U0000528,1212.672706,2179.799155,256.74276199999997,3,12,4,2,1,2,5
U0000529,2227.876729,426.500366,101.421508,7,17,7,2,2,2,5
U0000530,2955.706941,1499.717355,303.659233,9,26,6,2,2,1,4
U0000531,1811.048006,800.881068,940.434508,4,13,4,1,1,1,5
U0000532,383.62021300000004,561.122373,402.001926,6,25,9,2,3,1,6
U0000533,9027.877117,9841.159028,5826.771523,8,19,7,3,2,2,6
U0000534,21660.877762,28321.329718,5478.1527080000005,12,36,10,3,2,1,6
U0000535,3569.640759,2989.736178,2231.9123170000003,3,13,3,2,2,1,4
U0000536,9652.936572,8185.679589,3126.196684,23,30,7,3,1,2,6
U0000537,1453.534033,898.162127,565.899627,10,17,4,2,1,2,6
U0000538,3188.5396920000003,5679.488789999999,4224.860122,2,7,5,1,2,1,5
U0000539,4807.229683,4533.622399,785.790337,7,18,3,2,1,2,6
U0000540,1147.829966,1288.379786,1225.837802,6,17,5,3,2,2,5
U0000541,11096.038355,8966.598669,8656.981908,5,15,5,3,2,1,5
U0000542,3622.0465940000004,2885.533012,4782.205444,2,5,1,1,1,1,2
U0000543,1064.966788,998.647246,742.938434,6,12,4,1,1,1,6
U0000544,1558.213704,1352.898342,907.005793,9,32,8,1,3,1,6
U0000545,761.627194,2897.511003,1417.919899,3,10,2,2,2,1,4
U0000546,1931.082328,293.145065,1286.28609,8,22,4,2,1,1,5
U0000547,2038.61369,5974.794004,969.933229,5,17,6,2,1,1,5
U0000548,3811.051734,4380.191622,1289.951031,8,20,4,2,1,1,5
U0000549,20922.660324,13475.070709,20179.139402,6,17,7,1,2,2,5
U0000550,19746.853645,20948.682299,19134.78151,7,17,8,1,3,2,6
U0000551,4206.10842,2012.064178,2119.464043,7,14,6,1,3,2,5
U0000552,12024.848301,6024.123715,3628.086511,5,11,6,3,1,1,4
U0000553,1514.3380200000001,2313.866433,1057.96205,5,13,3,1,1,1,5
U0000554,1846.90158,3758.242867,1258.502516,5,13,4,2,2,2,5
U0000555,12781.50477,4588.946662,4212.1932480000005,13,32,2,1,2,1,5
U0000556,3227.385793,4713.788826,2560.845838,3,6,4,2,2,1,2
U0000557,3093.65727,4270.078868,2593.942666,4,19,2,1,1,2,6
U0000558,3456.660706,3866.174565,1036.398725,9,16,4,2,1,1,5
U0000559,723.80911,364.611225,726.490626,1,12,3,1,2,1,6
U0000560,14614.812185,12720.242176,7825.464463,17,31,8,1,1,2,5
U0000561,2872.3247929999998,3336.451802,80.755622,4,8,1,1,1,2,2
U0000562,12657.981294,6019.683382,4473.436731,6,12,4,2,1,2,4
U0000563,5989.0269,4963.238426,3985.540645,11,19,6,2,1,2,6
U0000564,3094.201251,2225.793782,209.863946,5,10,1,1,1,1,5
U0000565,4109.457695,2281.257905,198.732182,6,25,5,2,1,2,6
U0000566,4886.902365,6572.45238,1510.519687,9,30,12,2,3,2,5
U0000567,973.787356,466.366313,252.451903,8,26,11,1,3,1,5
U0000568,1424.482273,2098.60864,454.88521499999996,8,25,3,1,1,1,4
U0000569,5809.1521250000005,9261.890635,10481.966404,6,21,7,1,3,1,6
U0000570,4495.19188,3624.097838,292.130947,4,10,4,2,2,2,4
U0000571,2532.1764519999997,1985.751666,919.7961300000001,6,8,3,3,2,2,5
U0000572,5015.221183,5100.979275,1986.354899,8,17,7,3,3,1,5
U0000573,6463.601592,5598.60885,4388.302121,11,13,4,2,1,2,4
U0000574,8004.867979000001,7611.58071,308.448919,8,21,6,2,1,2,5
U0000575,1134.454756,801.297781,792.44546,12,23,1,1,1,1,5
U0000576,8024.456638,2734.173319,6203.926614,4,10,4,1,1,1,3
U0000577,2323.332265,2409.325631,2070.438522,4,16,3,2,1,1,5
U0000578,2824.748807,1609.237002,823.793856,6,12,3,2,2,2,4
U0000579,9907.232326,8102.647279,9734.800974,7,13,2,1,1,2,4
U0000580,9849.196366,7200.487573,4410.766382,3,13,4,1,1,1,4
U0000581,1088.335551,886.719657,474.158641,6,13,2,2,2,1,5
U0000582,13744.775728,10842.409386,12755.389364999999,5,7,3,1,1,1,5
U0000583,4018.979479,2144.278012,462.204649,7,12,2,2,1,1,4
U0000584,13763.575739,14685.679947,11038.813594,8,19,2,1,2,1,4
U0000585,2035.115261,2108.005999,1835.478919,8,8,2,1,2,1,3
U0000586,11220.426693,17749.587513,3427.317974,5,12,5,2,2,2,6
U0000587,14020.45814,10654.0458,5475.262459,5,14,3,1,1,1,4
U0000588,5477.180485,6184.436645,644.162297,10,10,4,2,1,2,6
U0000589,5689.301728,12237.377732,4558.944373,3,9,3,1,1,1,3
U0000590,21264.824822,22340.315392,11059.613241,7,17,4,2,2,1,5
U0000591,3401.260569,3355.895752,2894.573963,6,10,7,1,1,2,5
U0000592,3701.999737,3199.285826,2162.405632,5,11,3,3,1,1,6
U0000593,10434.300369,9252.635663000001,6201.0984499999995,3,10,3,1,1,1,5
U0000594,13949.941535,13306.744432,8674.677132,4,7,3,2,1,2,4
U0000595,6705.121301,5534.312226999999,634.75286,4,4,3,2,2,2,2
U0000596,3855.426048,5898.734906,2154.561607,8,21,5,2,3,1,6
U0000597,2707.966925,2817.984911,704.658594,9,20,2,1,1,1,6
U0000598,8958.113818,3702.892375,4282.292399,5,14,3,1,1,1,5
U0000599,5118.9569950000005,2962.147199,2373.784682,8,14,4,2,1,2,5
U0000600,6873.078263,5693.504012,2808.645704,19,17,9,2,1,1,4
U0000601,3202.095982,2245.261828,2349.210289,11,29,8,3,1,2,6
U0000602,5214.635867,4965.471295,7715.320122,1,8,2,1,1,1,4
U0000603,4080.644742,1947.874949,3814.7464560000003,6,8,5,2,2,2,4
U0000604,2686.367427,4852.163103,2308.42342,8,29,8,1,3,2,5
U0000605,4183.627448,1508.823325,2536.562982,3,8,2,1,1,2,6
U0000606,4698.691724,10283.222773,3065.4509319999997,5,13,5,2,3,1,5
U0000607,3392.9610709999997,788.600613,2358.152033,7,10,6,3,1,1,4
U0000608,9775.461697,10369.098773,9718.049706,13,21,3,1,1,1,6
U0000609,7369.640315000001,13820.85004,461.39218500000004,2,8,3,1,1,2,3
U0000610,9020.080304,8386.023337,210.25573100000003,4,16,2,2,2,1,6
U0000611,2046.076583,1690.669737,497.349389,3,8,1,1,1,2,4
U0000612,5351.883553,7024.090571,357.300617,8,7,4,2,3,1,4
U0000613,4691.8686450000005,3837.4891979999998,181.567202,2,17,1,1,1,1,4
U0000614,1777.1200489999999,2814.04267,601.185457,7,12,7,1,2,2,5
U0000615,12739.189015,8961.756054,8820.493079,9,20,10,2,3,2,5
U0000616,820.019194,230.023615,45.953333,14,15,9,1,3,2,5
U0000617,2102.851129,1596.126872,1624.140301,7,18,7,2,2,2,5
U0000618,2806.184077,1996.443418,425.423584,10,20,4,1,1,1,6
U0000619,759.370664,1061.17817,339.422958,6,16,3,1,1,2,5
U0000620,7043.901037,2336.728936,7303.7024,3,23,4,1,3,1,5
U0000621,822.546749,1408.791594,1038.091116,4,10,5,1,2,2,4
U0000622,34834.033478,19895.968355,10259.513535,3,10,2,1,1,2,5
U0000623,960.735466,1861.557804,638.902552,5,20,3,2,2,1,6
U0000624,692.883504,621.417326,562.120948,10,27,6,1,3,1,5
U0000625,3824.791703,2104.2779140000002,2210.010096,1,6,1,1,1,1,2
U0000626,12888.695903,12456.466117,5699.635938,12,24,6,1,3,2,5
U0000627,1575.149274,585.532562,197.478984,10,6,2,1,2,2,3
U0000628,861.195157,751.450706,338.702472,9,11,4,2,1,2,4
U0000629,2235.770677,407.204403,781.219037,8,16,1,1,1,1,5
U0000630,974.166947,1382.561794,1045.641343,4,14,3,1,2,2,6
U0000631,1908.322655,2660.674522,1666.40465,6,13,3,2,1,2,4
U0000632,1905.901147,2689.136715,173.384379,6,5,3,2,3,1,3
U0000633,831.469663,972.301791,1209.756474,3,12,5,2,1,2,6
U0000634,1680.281756,2636.906114,1903.780896,10,33,13,3,1,1,6
U0000635,925.661773,564.140161,819.6646189999999,2,8,2,1,2,1,6
U0000636,2169.402199,1550.299397,1606.559628,14,44,7,2,3,1,6
U0000637,4718.434394,8245.213731,2443.821178,8,20,2,2,2,2,6
U0000638,2583.223748,3234.348701,1693.524876,7,15,5,2,3,1,5
U0000639,12708.208924999999,10038.820141,14540.147121,7,6,6,3,1,2,3
U0000640,7870.4052249999995,8819.453492,9679.118047,3,6,2,2,1,1,4
U0000641,1587.0071130000001,1430.795167,722.630786,3,5,2,1,1,2,4
U0000642,1854.244666,2155.5380059999998,937.47122,2,7,3,1,2,2,4
U0000643,2684.995393,2989.011873,1336.803559,5,13,2,1,1,1,5
U0000644,1424.581514,821.051183,132.912384,4,19,3,1,2,1,5
U0000645,3186.068919,1807.255683,399.631917,16,41,6,1,1,1,6
U0000646,3447.594345,3423.976277,1594.589647,7,19,3,1,1,2,5
U0000647,7283.7935609999995,8134.188534,4917.483189,10,28,8,1,1,2,5
U0000648,8948.285415,7027.272653,2409.133391,7,18,7,2,3,1,5
U0000649,2124.255885,1214.5402100000001,444.996871,17,24,4,3,2,2,5
U0000650,10465.789112999999,11448.790146,3097.260886,5,16,4,2,2,1,5
U0000651,23895.870238,4397.294371,2661.287273,10,27,8,2,2,2,6
U0000652,4834.18707,3555.932573,2661.808203,8,12,4,2,2,1,6
U0000653,3440.834264,918.859526,2740.826989,10,22,10,2,2,2,6
U0000654,4462.72944,5713.327104,3011.394096,9,30,6,2,3,2,6
U0000655,8155.605507,4131.578061,594.740286,6,9,2,2,2,2,5
U0000656,5605.7913340000005,7064.000727,474.098268,7,18,7,3,2,1,5
U0000657,2859.158233,498.38401700000003,454.028631,5,6,2,2,1,2,2
U0000658,1407.465837,3915.784562,3509.441027,3,18,6,1,3,1,5
U0000659,1994.140862,2843.54516,3763.10966,3,8,3,1,2,2,4
U0000660,1731.159511,1567.299022,422.758383,12,20,6,3,2,1,6
U0000661,57301.661077,26570.255753,32161.956473,5,10,3,3,2,1,4
U0000662,4343.4322839999995,3077.756488,198.195243,7,6,2,2,1,1,3
U0000663,1195.6539890000001,2239.46014,113.813617,5,19,4,1,2,2,6
U0000664,4154.884006,4589.977103,204.569375,11,22,8,1,3,2,5
U0000665,1104.490577,895.456912,146.077314,2,10,2,1,2,1,5
U0000666,2796.81708,1412.357851,2448.3839829999997,5,4,3,2,1,1,4
U0000667,18631.904511,26162.908226,3388.491568,6,18,4,2,2,2,4
U0000668,6293.480609,3237.655558,1351.271155,10,13,5,2,3,2,4
U0000669,7837.9128,8071.78932,689.255923,8,17,8,1,2,2,6
U0000670,7412.404853,5055.194257,3358.247714,4,9,3,2,1,2,4
U0000671,2638.352269,1330.289442,2418.6554330000004,4,6,2,2,1,2,4
U0000672,20596.055207,21605.486768,7289.351659,12,22,6,3,3,2,6
U0000673,4369.837252,3598.37918,2747.859355,5,9,3,2,2,1,3
U0000674,2380.26246,2160.668159,1210.535203,8,11,4,1,1,1,4
U0000675,6190.149979,5129.128453,1911.865639,10,17,3,1,1,2,4
U0000676,9544.56017,12799.254602,1018.3201779999999,3,11,2,2,1,1,6
U0000677,11550.255232,2768.704209,10869.805328999999,5,16,2,1,1,2,6
U0000678,7385.613452,7879.770135,3705.067337,10,15,5,1,3,1,6
U0000679,22135.07852,6224.173713,2965.325453,3,11,2,1,2,1,3
U0000680,278.463464,295.137348,543.218158,3,14,4,2,2,1,6
U0000681,625.292251,691.419655,457.114769,12,29,8,1,1,1,6
U0000682,3738.3247410000004,2648.122767,2183.854952,8,17,10,2,3,2,4
U0000683,605.033045,390.40877,110.637795,2,12,3,1,2,1,5
U0000684,5023.942274,6332.418026,4014.775917,2,14,2,2,1,1,5
U0000685,3620.902918,3231.465286,3586.095029,17,36,16,2,2,2,6
U0000686,5772.483707,2613.264653,2033.072424,7,14,3,2,2,1,5
U0000687,7837.133167999999,6764.120895,389.427961,4,10,2,1,2,1,4
U0000688,20309.017342,12890.257637,10427.067149999999,3,13,3,2,2,1,5
U0000689,5872.018337,4966.214389,4473.210543,2,6,3,2,1,1,2
U0000690,1011.720511,1590.142333,771.234328,4,18,5,2,1,1,5
U0000691,779.105743,683.591874,262.028254,6,15,6,2,1,2,6
U0000692,11161.376674,10283.137834,2643.5535959999997,6,16,2,1,2,2,6
U0000693,4540.2103019999995,7571.835653,3592.923436,9,23,5,1,1,2,6
U0000694,6363.349555,5051.286687,3532.443647,4,12,4,1,2,1,5
U0000695,3004.54796,4321.986406,625.009887,4,9,4,1,2,2,4
U0000696,2123.541167,1602.142096,2059.612774,6,11,4,2,2,1,4
U0000697,6324.897486,4367.599941,2542.6003650000002,4,27,5,1,3,2,6
U0000698,3258.957344,2495.889985,1956.73631,8,14,4,1,2,1,5
U0000699,1466.784183,1653.579704,1069.013868,8,28,7,2,2,1,6
U0000700,2060.510309,1583.238957,1529.664594,8,17,4,2,1,1,5
U0000701,1591.261816,964.464804,576.446248,7,7,4,3,2,1,3
U0000702,4214.623446,2581.136995,1398.167222,6,14,4,1,2,2,5
U0000703,7282.195519999999,6251.249265,3968.485291,4,8,4,1,2,1,5
U0000704,6339.611727,5173.607201,3193.635497,8,12,3,1,1,2,5
U0000705,4701.08985,2285.387248,1440.098366,4,14,7,1,3,2,6
U0000706,9209.923591,2606.278137,727.060347,14,10,5,2,3,1,4
U0000707,7367.697809,4084.453582,3353.658399,5,6,4,1,2,1,3
U0000708,8137.070676,6906.12161,3895.57196,4,12,4,1,3,2,4
U0000709,2135.181474,608.129601,262.830044,10,16,4,2,3,1,5
U0000710,4767.927175999999,2746.853673,688.299317,2,9,1,1,1,1,5
U0000711,1808.327214,1787.446712,129.963823,9,24,8,2,2,1,6
U0000712,4824.04406,4571.723373,3532.206429,7,6,1,1,1,2,3
U0000713,2763.340568,2106.198335,952.9453920000001,9,12,4,1,1,2,5
U0000714,5385.71744,3141.211152,1553.7876310000001,4,5,3,2,2,1,3
U0000715,3212.284104,2899.771566,2278.460124,5,23,6,2,1,1,6
U0000716,4193.177274,2450.402737,259.093652,3,7,1,1,1,1,4
U0000717,2899.843944,2786.188609,2856.057381,10,14,5,2,3,2,6
U0000718,753.839006,863.30434,871.125498,5,21,2,1,2,2,5
U0000719,4248.982515,3585.256811,359.963626,5,11,1,1,1,1,4
U0000720,1968.881749,1325.440693,130.776233,11,26,5,3,1,2,5
U0000721,1442.605751,5232.189625,1223.072097,2,12,4,2,1,2,5
U0000722,6096.953013,7161.558443,4129.6290340000005,9,33,7,2,3,1,6
U0000723,3603.579209,720.594823,1527.7158220000001,12,17,3,1,1,2,4
U0000724,4081.713785,2641.078859,3140.7091609999998,4,13,3,1,2,1,4
U0000725,5481.342952,9629.676896,336.706637,3,9,1,1,1,2,5
U0000726,4888.972313,1401.733961,1076.61775,2,6,3,1,1,1,4
U0000727,907.566939,1159.761417,687.302664,4,5,2,1,2,1,1
U0000728,17616.921003,25878.600254,3206.655072,2,11,1,1,1,1,3
U0000729,3267.1134389999997,1452.782737,731.369988,3,7,5,2,1,1,5
U0000730,6789.2026000000005,12573.779353,2992.1788699999997,7,20,3,2,1,1,6
U0000731,19054.699342,11543.746804999999,1248.5446220000001,10,8,9,1,2,1,4
U0000732,4846.589385,3870.7737079999997,3739.1797380000003,2,5,3,1,2,1,3
U0000733,3736.217121,1823.235554,914.595927,7,16,6,1,1,2,5
U0000734,3029.953581,2172.574292,1396.369531,6,16,6,3,3,1,5
U0000735,6271.183674,5088.319854,1285.552187,15,31,11,2,3,2,6
U0000736,2446.587325,691.329262,1682.436998,5,14,3,1,3,2,5
U0000737,5046.364545,691.062695,1723.8093450000001,6,16,7,2,3,1,4
U0000738,1556.65655,1372.41955,889.593664,6,18,3,1,1,2,6
U0000739,9665.449039,8689.443438,3647.802667,14,33,10,3,2,1,6
U0000740,5985.519036,4919.046517,2887.24359,5,13,2,1,2,1,4
U0000741,5898.842259,2134.526399,2166.092965,12,25,9,1,3,1,6
U0000742,9568.993731,5074.538207,6247.071313,7,7,2,1,1,2,4
U0000743,4331.95218,2154.464523,267.581193,4,18,2,1,2,1,4
U0000744,2506.368406,2943.647407,2037.794924,11,26,6,2,2,1,6
U0000745,3142.661891,4523.855084,1724.470616,6,10,2,1,1,1,5
U0000746,1428.759489,661.009416,445.898245,4,16,6,2,2,1,5
U0000747,4319.754496,2497.105138,1052.8590060000001,9,9,4,2,2,2,5
U0000748,5011.428066,2857.731361,1566.933303,6,10,5,2,1,1,5
U0000749,6096.684274,3261.661414,3159.0908210000002,14,19,7,1,2,2,6
U0000750,17486.079863,8068.499841,8549.783965,9,12,4,3,1,1,5
U0000751,8370.708227,12736.333403,7819.1878400000005,3,14,4,2,3,1,5
U0000752,4845.7546950000005,1118.943833,446.305072,5,13,3,3,2,2,3
U0000753,4399.757067,1026.491141,1855.498665,5,10,7,1,3,1,5
U0000754,5795.6356510000005,7778.4295870000005,2702.196849,3,7,4,2,2,2,5
U0000755,1501.738924,1024.721687,774.564507,6,17,3,1,1,1,5
U0000756,7825.819189,9045.578415,2472.365518,5,10,1,1,1,1,4
U0000757,9589.879921,8391.598581,9398.809081,2,5,2,1,1,1,2
U0000758,4783.941215,3975.172679,5628.95279,10,19,6,2,2,1,6
U0000759,2571.808681,855.3210770000001,1370.727177,8,14,6,2,2,1,4
U0000760,2729.491555,4074.708348,2296.320081,2,3,3,2,1,1,3
U0000761,7653.417635,6375.508055,2418.175346,2,6,3,2,3,1,5
U0000762,3123.814731,3387.325225,1964.179429,4,13,3,1,3,1,6
U0000763,1809.018477,2457.504689,271.373497,9,30,5,3,1,1,6
U0000764,2988.767593,3902.296179,4398.787496,6,17,5,2,3,2,5
U0000765,1446.821533,314.905644,413.53465300000005,10,4,2,2,1,2,4
U0000766,3615.758017,1278.161939,1282.662104,5,9,2,2,1,1,4
U0000767,5772.185332,6835.171434,4564.331703,6,9,4,1,2,1,4
U0000768,5414.346681,3336.924885,867.254969,6,8,1,1,1,2,4
U0000769,4635.537414,1693.1061770000001,3369.6348590000002,5,10,4,1,1,2,2
U0000770,3379.254313,2236.417846,109.549369,6,10,2,1,1,1,5
U0000771,3084.142935,3143.385308,3966.2283660000003,4,15,5,2,2,2,4
U0000772,6579.414983,7455.564593,4079.355403,9,13,4,1,2,2,4
U0000773,1997.94038,2646.320481,2321.929533,4,21,10,3,3,1,6
U0000774,3054.281175,1138.961754,733.459463,2,13,2,2,2,2,4
U0000775,2258.757288,1970.310247,1798.622652,6,20,4,3,1,2,6
U0000776,1162.722172,1575.0925320000001,1089.859575,3,11,3,2,1,2,5
U0000777,11896.650362,18645.514035,3974.7137979999998,6,10,2,1,1,1,3
U0000778,4817.620704,2320.8243820000002,2124.682793,6,11,6,2,2,2,6
U0000779,19523.527556,15548.246475,6231.14323,9,8,7,1,2,2,4
U0000780,1041.16435,786.066277,106.942865,10,19,5,3,2,2,6
U0000781,1398.300602,1347.182038,458.041002,10,25,5,2,1,1,6
U0000782,7655.955457,5748.753211,7684.479811,12,19,7,3,1,1,6
U0000783,1105.296531,337.01709,161.211795,5,7,3,3,2,1,5
U0000784,571.242379,534.831023,663.233699,2,8,3,1,3,2,5
U0000785,2424.375849,334.83428,776.53925,4,7,3,2,2,2,4
U0000786,2289.162676,2161.508301,2274.978102,11,23,9,3,2,1,6
U0000787,1875.415743,348.874797,738.89562,5,8,3,1,2,2,4
U0000788,7069.628456,8359.341042,7945.7461140000005,6,16,3,2,2,1,6
U0000789,12440.007637,14637.145547,8572.99933,15,26,6,4,1,1,6
U0000790,2112.043483,3003.063681,95.260882,6,9,1,1,1,1,4
U0000791,2687.810625,5169.842982,3695.687445,3,14,2,2,2,1,5
U0000792,5656.784566,6728.7750510000005,402.296289,9,23,8,1,1,2,6
U0000793,1859.249162,1826.559381,1318.615753,8,18,8,1,1,2,5
U0000794,7573.2446979999995,4498.251778,7651.217661000001,6,6,4,2,2,1,3
U0000795,3801.634086,1940.86676,783.2757710000001,5,13,6,2,1,1,5
U0000796,7114.279456,6209.827565,5081.3584900000005,4,10,4,2,1,2,5
U0000797,1574.909411,890.057552,822.7564629999999,11,21,4,3,1,1,6
U0000798,2497.783388,1094.223577,677.514129,8,9,9,1,2,2,6
U0000799,1607.550581,664.339169,183.25272,5,16,7,1,3,1,4
U0000800,2148.471772,926.0813949999999,1544.533634,9,23,10,3,3,1,5
U0000801,7526.242161,14109.323314,1436.5181400000001,5,17,2,2,2,2,6
U0000802,802.722141,1267.955587,231.050361,5,10,1,1,1,1,5
U0000803,39806.635163,35417.036968,41828.285831,18,22,9,2,4,2,6
U0000804,15558.994648999998,8326.700587,9069.93087,3,12,3,2,1,2,5
U0000805,1999.447937,2910.50481,295.744076,2,5,3,2,1,2,4
U0000806,6079.046795,5851.886097,3170.071266,12,19,4,3,1,2,4
U0000807,3248.5997350000002,2933.343599,530.200158,10,25,11,2,2,1,4
U0000808,1817.206606,2125.744365,1618.519689,10,29,12,1,1,1,6
U0000809,2618.201387,1662.454715,1844.1675539999999,6,17,2,1,1,1,5
U0000810,2482.312501,3422.209995,1506.612003,7,20,4,1,1,2,6
U0000811,10868.808696,6022.558733,3667.5708059999997,7,12,3,2,1,1,4
U0000812,2307.862581,2589.544021,1460.022439,8,13,3,2,2,1,6
U0000813,19809.869724,8685.069368,8333.246319,9,22,6,2,3,1,5
U0000814,6489.929012,4952.699135,3381.971328,5,7,5,1,2,1,4
U0000815,1322.746452,314.332534,889.1989719999999,7,13,4,1,1,1,5
U0000816,2333.259555,1081.787141,1534.560581,4,13,4,2,2,2,6
U0000817,1179.485211,654.069601,1179.327063,4,16,1,1,1,2,4
U0000818,3544.546799,3511.178936,4176.06144,17,24,3,2,2,2,5
U0000819,1827.377315,1780.852167,70.718959,5,13,3,2,2,2,6
U0000820,14289.187423,6961.41495,7439.892156,5,16,4,2,2,2,6
U0000821,1453.912047,1290.229422,1452.291911,5,13,6,1,1,2,5
U0000822,5611.966501,4763.320049,6715.316701,1,5,2,1,1,1,3
U0000823,4504.48029,1019.70548,3848.1848710000004,10,10,3,2,2,1,5
U0000824,1150.0400769999999,818.322556,638.451589,12,13,4,1,2,2,5
U0000825,10954.295694,2787.732486,7320.265158,15,33,15,3,2,1,6
U0000826,3491.563347,4391.131428,1419.2354520000001,9,19,7,2,3,2,6
U0000827,7997.471834,2883.581232,6914.4821440000005,6,17,5,2,1,2,5
U0000828,1259.503639,239.437646,1102.707495,9,23,2,2,2,2,6
U0000829,641.958305,584.218244,345.294219,6,5,3,2,2,2,3
U0000830,1681.062445,2426.5124140000003,691.68425,4,10,3,1,2,2,5
U0000831,6097.04144,5074.083807,5062.401158,3,8,4,3,2,2,3
U0000832,8480.810347,10524.69478,1891.1863680000001,10,14,6,3,2,2,5
U0000833,3273.747866,2707.957123,2771.154533,15,27,5,1,1,2,6
U0000834,23784.942383,28337.339581,2350.435329,11,15,1,1,1,2,6
U0000835,1913.054538,1820.0005390000001,1388.1966869999999,2,18,3,2,1,1,5
U0000836,13767.062152,5873.731231,12994.167923,4,9,3,1,1,1,4
U0000837,8031.522992,4354.448855,3311.056945,5,14,7,1,1,2,6
U0000838,4723.87513,2690.390868,3020.749506,13,19,7,2,3,1,5
U0000839,2740.713006,2257.260351,375.766436,4,14,5,2,1,1,5
U0000840,2136.058794,1467.917196,1542.440551,11,16,6,3,2,1,6
U0000841,992.668274,700.838423,35.936941,7,9,3,1,2,1,5
U0000842,3308.266295,3367.050999,2415.66777,6,13,4,1,2,1,5
U0000843,10235.800048,3425.885285,2282.792567,14,18,2,1,2,1,6
U0000844,15730.237147,16372.972853,475.041294,14,31,6,1,2,1,6
U0000845,1686.582482,542.465164,292.694363,6,12,5,1,1,2,4
U0000846,1967.210001,1776.706042,1262.7791379999999,3,9,4,1,1,1,3
U0000847,2668.054584,1609.160565,1746.917727,7,14,4,2,2,2,5
U0000848,5348.376625,7249.404235,1453.131234,6,9,4,1,1,1,4
U0000849,2064.112649,1909.7151330000002,814.87224,5,3,3,1,2,1,1
U0000850,2112.052943,579.357247,1630.6657460000001,8,23,5,3,3,1,5
U0000851,1812.624043,3216.578481,2546.386756,5,8,2,2,2,2,3
U0000852,12100.161094,2861.175477,973.687803,5,6,1,1,1,1,3
U0000853,3691.141717,2408.386234,1589.309367,6,26,7,1,2,2,5
U0000854,12314.777685000001,14084.876485,2926.224859,8,15,3,3,2,2,5
U0000855,5905.791916,3734.530029,4307.364294999999,7,6,2,2,1,1,3
U0000856,1725.930157,1774.785308,476.541497,11,21,4,2,1,1,6
U0000857,1565.650954,882.069387,394.76314,3,11,4,2,3,1,5
U0000858,4466.1747319999995,4050.679756,225.348133,6,17,6,2,1,2,5
U0000859,1956.231927,1500.795468,896.945296,3,6,5,1,3,2,4
U0000860,4177.268526,11739.779168,5142.530504,2,19,7,2,2,1,6
U0000861,2568.446918,613.899462,478.777452,13,13,3,2,2,1,4
U0000862,4372.409991,1647.228086,642.700953,4,11,2,1,2,1,5
U0000863,14391.74851,4420.499828,5290.990367,5,13,3,1,2,2,5
U0000864,1481.350954,2637.439516,2512.749787,4,17,5,2,1,1,6
U0000865,3624.930386,2228.776911,671.931427,2,8,1,1,1,1,4
U0000866,1045.721497,1278.0104270000002,175.164045,5,11,2,2,1,1,4
U0000867,6137.935796,5728.675508,3496.520011,3,5,4,1,3,2,3
U0000868,1546.492826,3003.358629,1234.954584,4,8,4,1,2,2,3
U0000869,2775.489184,2013.742021,1365.257367,7,18,3,2,2,2,6
U0000870,2071.548361,872.06577,343.065141,9,16,6,1,1,2,6
U0000871,31338.432407,22349.761592,1515.590802,2,5,3,2,1,1,3
U0000872,6235.3746949999995,3524.9311000000002,265.987672,4,6,3,3,1,2,3
U0000873,2461.932549,956.8567889999999,845.154689,10,20,7,3,2,2,5
U0000874,4627.2538970000005,1416.784821,1486.649895,9,33,6,3,2,2,6
U0000875,6279.23212,4872.784137,3499.7537820000002,16,18,10,3,1,1,4
U0000876,2737.366074,4850.671955,1141.063469,10,15,5,1,3,1,4
U0000877,7481.064563,5667.91269,4521.72674,9,19,8,2,2,1,5
U0000878,8929.749287,12747.955991,1983.598052,6,8,4,1,2,1,5
U0000879,2267.684621,2231.741744,1765.124697,9,15,3,1,2,1,6
U0000880,7504.631257999999,3024.68705,2337.061486,4,15,5,3,2,1,6
U0000881,1920.5195290000001,3626.939068,2686.66498,3,15,4,1,1,1,4
U0000882,3448.281363,4111.756494,617.417615,9,14,6,3,3,1,6
U0000883,892.461454,1134.3831129999999,594.529149,3,8,4,3,1,2,6
U0000884,2461.0632419999997,1966.95939,990.932738,5,20,4,1,1,2,6
U0000885,3504.239508,2800.75227,5446.088568,6,8,7,3,3,1,4
U0000886,10490.306146,5551.259107,6168.321973,8,15,8,3,1,2,4
U0000887,11065.928791,5823.248031,1322.604839,10,22,3,3,1,2,6
U0000888,2193.819595,2327.134471,570.775789,3,8,1,1,1,1,4
U0000889,5418.71712,7384.035642,1168.841926,6,29,2,2,2,1,6
U0000890,7100.30374,3908.7032480000003,2685.0656360000003,4,11,2,1,1,2,5
U0000891,3390.585152,4293.8469239999995,3428.2977739999997,8,17,9,1,2,2,4
U0000892,10732.876538,10238.511698,3895.23684,4,13,5,1,1,2,4
U0000893,1800.987514,1439.656833,1108.574263,7,8,3,1,2,1,4
U0000894,908.786672,743.279259,421.35359700000004,7,22,5,1,3,2,6
U0000895,2015.610007,625.833129,70.013056,10,14,3,1,2,2,4
U0000896,8733.030154,4836.563236,2689.912394,8,22,4,2,3,2,6
U0000897,1600.2155400000001,809.001882,861.7054880000001,4,8,3,2,2,1,3
U0000898,5061.767376,7364.357242,1998.9816409999999,6,17,5,2,2,1,6
U0000899,15112.08005,11602.127593,6358.789107,20,40,6,1,2,2,6
U0000900,2374.00466,1150.978316,648.8548109999999,4,10,3,1,1,2,3
U0000901,1501.688891,1013.237148,627.095462,10,21,12,1,3,2,6
U0000902,16237.062856,11596.543284,15270.217765,5,11,6,2,1,1,6
U0000903,837.6758560000001,841.966005,295.028758,5,14,9,2,1,2,5
U0000904,12015.400034,12125.661019000001,11743.904744,24,37,24,4,3,2,5
U0000905,5403.428156,8308.933711,2216.270339,16,30,7,1,2,1,5
U0000906,1636.463628,1299.884493,1757.449229,3,10,1,1,1,2,5
U0000907,2847.521409,863.908426,394.306283,4,10,1,1,1,1,5
U0000908,1825.088039,707.431703,1012.842943,4,18,3,2,1,1,5
U0000909,2623.515073,2281.868395,1166.784111,13,19,6,3,2,2,5
U0000910,1606.586903,4432.546943,6484.41155,1,9,3,2,3,1,5
U0000911,6805.415517,4489.031176,7533.553455,7,18,5,1,2,1,5
U0000912,2897.39372,636.508862,1587.618236,7,13,3,1,1,1,6
U0000913,8400.813902,7421.784799,7287.7772780000005,8,19,7,2,1,1,5
U0000914,5228.64337,2464.445828,3077.0345660000003,7,28,3,1,1,1,4
U0000915,979.005331,706.964833,609.9862889999999,16,30,9,3,3,2,5
U0000916,5799.666438,1952.577215,1800.853922,4,11,5,3,1,1,6
U0000917,1478.217539,1043.598129,683.4453599999999,7,17,6,2,1,1,5
U0000918,10522.573258,9655.805352,7080.844855,22,46,16,3,2,2,6
U0000919,2655.012114,768.391616,1563.091882,9,21,5,3,2,2,6
U0000920,3672.938233,2479.215141,455.25583,4,6,2,2,2,1,4
U0000921,1517.988865,1155.778511,1333.785588,6,10,3,1,1,1,5
U0000922,11332.363007,14980.626443,1903.323092,2,13,2,1,2,1,4
U0000923,5305.488905,6182.709083,2584.608723,5,8,3,2,1,1,6
U0000924,2886.142468,3661.960894,2320.979008,7,9,4,3,1,1,4
U0000925,3739.9637079999998,2946.249195,2522.9409069999997,9,20,5,3,3,1,6
U0000926,3050.23306,3243.524344,594.918284,4,17,2,1,2,2,6
U0000927,1985.018008,2113.268022,1994.510925,3,13,4,1,2,1,5
U0000928,5295.082513,4890.570828,3941.5770860000002,5,9,3,1,2,1,6
U0000929,3646.28791,7540.083670999999,1791.436571,3,15,4,2,2,2,5
U0000930,2092.354905,814.640413,1150.142206,14,21,9,2,1,2,4
U0000931,1845.156381,884.698172,661.737237,6,24,10,3,3,2,6
U0000932,1539.5021470000002,2393.807039,1246.516502,6,9,4,1,1,2,5
U0000933,3851.615765,3743.251158,2682.87077,3,10,10,2,2,1,5
U0000934,1452.190941,1981.426681,916.558457,11,23,5,1,2,1,5
U0000935,6980.096851,9292.208848,3661.439384,11,22,8,1,3,2,6
U0000936,3647.261832,2292.098448,2027.576143,3,12,3,1,1,1,4
U0000937,4459.960811,3643.638397,2669.158038,7,15,2,1,1,2,5
U0000938,3057.072299,2688.374433,2571.766596,10,36,6,2,2,2,6
U0000939,7403.862066,4858.730088,3161.233787,8,15,6,2,2,1,5
U0000940,2690.324936,1205.308118,1575.2929,6,12,6,2,2,1,6
U0000941,1521.463295,356.364038,695.365051,6,17,3,1,2,2,5
U0000942,1006.979619,803.7003530000001,878.071287,4,8,6,2,2,2,4
U0000943,6757.538189,9921.188428,5848.810963,6,11,3,1,1,1,4
U0000944,2869.784663,2363.667562,971.012361,3,5,2,2,1,2,3
U0000945,9495.845037,8420.291635,11072.080576,3,10,3,1,2,1,4
U0000946,7753.486569,7929.276274,10800.552878,5,10,3,1,1,2,5
U0000947,11882.810274,10297.422251,8450.757313,6,8,4,2,1,2,5
U0000948,11422.257946,10450.359435,8803.768535,9,12,8,2,2,1,5
U0000949,7880.555101,8123.587915,5960.605283,7,17,4,2,3,1,6
U0000950,3644.44085,4203.137073,1801.738998,9,23,5,1,2,1,5
U0000951,2960.416409,1711.55253,1755.725185,15,26,13,2,1,1,5
U0000952,4200.576014,2392.097896,1953.529243,9,19,10,1,3,2,6
U0000953,7333.663878,4252.98657,9230.429581,6,21,7,1,2,2,5
U0000954,1028.760849,878.006078,436.86141399999997,4,11,2,1,1,1,4
U0000955,3179.087583,2311.61456,618.584977,8,26,1,1,1,2,6
U0000956,4649.357098,5660.656247,3903.011664,10,39,12,1,3,1,6
U0000957,2956.743529,3622.563029,167.72168299999998,7,15,2,1,2,2,4
U0000958,5955.002914,4920.988819,5416.386877,8,11,3,1,1,2,4
U0000959,3070.685588,5815.145103,9248.328549,3,6,5,3,3,1,4
U0000960,1996.451088,1642.753886,509.237605,12,31,7,2,1,1,6
U0000961,2762.939784,848.9591399999999,1281.307573,7,15,3,1,2,1,5
U0000962,2269.3994839999996,3182.198965,2183.425724,2,13,4,1,2,2,5
U0000963,1155.176401,990.17656,352.950557,3,11,6,2,1,2,4
U0000964,6810.846378,5126.152705,1651.383427,3,5,3,2,2,1,3
U0000965,3283.434836,3828.525483,2744.8297469999998,8,23,10,1,1,1,5
U0000966,15116.961081,12084.510629,1962.1358100000002,2,6,2,2,2,1,3
U0000967,5733.229805999999,5403.60331,3041.731785,6,13,5,2,2,1,4
U0000968,2636.579694,2113.082381,1916.977868,4,13,3,1,1,2,5
U0000969,3515.558781,3014.6172779999997,2214.839695,9,22,7,2,3,1,5
U0000970,3796.986406,1672.6813710000001,476.317585,8,22,11,2,1,2,6
U0000971,13397.33232,11025.871434,7932.972778,9,24,4,2,2,1,6
U0000972,6394.69154,1856.5812290000001,222.49352100000002,4,8,3,2,2,1,4
U0000973,3814.032796,4102.254815,3443.667446,6,36,11,1,3,2,5
U0000974,1112.068544,4142.559059,4451.408323,1,13,4,2,2,1,5
U0000975,22219.963384,9355.929596,5127.636538,12,18,3,3,2,1,6
U0000976,1301.943452,296.054887,316.758868,7,10,1,1,1,2,5
U0000977,1709.979501,2405.467629,3476.7438070000003,5,11,3,2,3,1,4
U0000978,10121.30444,10291.351874,7667.230487000001,5,8,3,2,1,1,3
U0000979,7719.023735000001,8081.037766,1036.080345,3,12,4,1,3,1,3
U0000980,5357.182631,7995.900614,3444.055913,6,14,4,1,3,2,4
U0000981,5044.2252610000005,6976.275204,1208.2942269999999,9,18,4,1,2,2,5
U0000982,2575.37097,702.227333,406.829386,4,10,2,1,1,1,4
U0000983,2942.156008,2184.729185,2099.005452,8,23,9,3,2,2,4
U0000984,1803.629574,821.073113,1583.1291119999999,11,15,7,3,1,1,5
U0000985,1432.44229,2908.732588,180.196828,3,13,4,1,2,1,6
U0000986,2174.843501,2018.655595,1731.018876,6,18,6,2,2,1,6
U0000987,1290.231986,642.674087,366.227361,2,4,2,2,2,1,4
U0000988,2356.367565,3754.468867,955.497652,3,8,1,1,1,1,5
U0000989,240.97101,535.704087,123.753397,1,11,4,2,2,1,3
U0000990,865.323368,374.744733,922.755758,7,22,7,1,3,1,4
U0000991,29334.292147,23105.164872,6118.059779,3,10,2,1,1,1,5
U0000992,1230.598088,1664.255749,427.372348,12,31,8,1,3,1,6
U0000993,1711.516637,1324.704391,608.555234,5,9,5,2,1,2,6
U0000994,12563.164613,7806.632848,5189.925445,7,16,5,2,3,2,5
U0000995,8014.0012910000005,6881.293676,6964.1194399999995,4,9,3,2,1,1,6
U0000996,14319.562334999999,4806.758262,4395.8726130000005,6,12,2,1,1,2,4
U0000997,2502.666219,2594.985544,1018.976319,10,20,4,2,3,1,6
U0000998,3499.0083959999997,1883.479143,3055.315315,4,6,4,2,1,1,4
U0000999,7913.224819999999,2718.899913,7565.0003639999995,11,16,7,3,3,2,6
U0001000,17662.681477,4451.840198,6876.155842,5,14,5,2,3,2,6
U0001001,2796.744247,3325.94048,4143.237906,5,14,5,2,3,2,5
U0001002,2033.39066,3178.133143,257.554111,2,12,2,2,2,2,5
U0001003,9956.08396,2204.58898,3258.451807,4,18,1,1,1,1,5
U0001004,8268.151245000001,1793.359528,3334.562403,14,21,6,3,3,2,6
U0001005,3586.710686,1893.666303,690.630104,18,29,13,3,1,2,6
U0001006,1909.5051230000001,1396.788883,1843.792266,6,9,3,1,1,2,4
U0001007,10504.434727,4455.18515,4606.139281,7,11,7,3,1,2,5
U0001008,3678.889169,4364.214706,2908.06749,2,9,2,1,1,2,3
U0001009,3950.904943,5988.676745,2058.1430100000002,2,11,5,1,3,1,3
U0001010,28661.641685,33242.028038,20448.450551,7,21,4,1,1,2,6
U0001011,4915.488737,4981.526834,2432.938361,6,14,9,1,1,1,6
U0001012,2402.493084,1522.260793,689.079922,10,22,8,1,1,2,6
U0001013,4028.7078970000002,7049.97516,2293.4760929999998,3,9,5,1,1,2,5
U0001014,3136.466829,3396.415227,1735.509804,9,14,5,2,1,1,6
U0001015,3817.4418830000004,7194.588751,1171.215502,3,17,4,2,2,1,5
U0001016,1159.908739,1986.390608,1293.239429,6,17,6,2,2,2,6
U0001017,4930.741094,5297.620665,508.157115,5,10,5,2,3,1,4
U0001018,6665.004559,5338.827583,7003.983815,5,7,1,1,1,1,4
U0001019,2333.782185,2139.5262,600.202125,9,21,6,1,2,1,5
U0001020,6199.837168,4169.192989,4339.890048,9,19,7,1,1,2,6
U0001021,16149.286695,17442.96375,17682.049518,6,16,7,3,3,2,4
U0001022,1135.979427,1799.405294,815.0559020000001,3,9,2,1,2,1,3
U0001023,524.155007,1450.921438,65.545676,3,12,3,1,2,2,6
U0001024,1751.4115860000002,1759.918294,1905.886675,7,29,9,1,2,2,6
U0001025,2051.4892090000003,2256.978732,319.896419,2,10,2,2,1,1,3
U0001026,570.739018,765.933203,836.857476,7,16,7,3,2,2,5
U0001027,9580.463808,3721.294343,319.727505,5,3,2,1,2,1,2
U0001028,10349.681967,9422.803676,4405.572687,10,15,4,3,2,1,6
U0001029,9352.772966,7918.889492,4417.150197,5,15,4,2,3,2,4
U0001030,8325.422967,2516.5325279999997,8195.48958,5,10,4,2,2,2,5
U0001031,2621.769058,3063.014523,2936.482855,10,15,4,2,1,1,4
U0001032,2410.5216570000002,1549.138097,1292.1845210000001,9,15,7,1,2,1,5
U0001033,4927.409602,11873.760092,12628.333933,2,6,2,2,2,1,3
U0001034,2119.19456,2799.342983,2215.400196,10,20,9,1,2,2,6
U0001035,5627.123517,4189.0289649999995,505.550664,9,16,8,3,2,1,6
U0001036,578.781016,269.552083,362.546069,9,13,2,1,1,1,4
U0001037,6373.635013,4791.160946,4849.909734,6,13,6,2,2,2,5
U0001038,8298.370433,5193.851122,4106.6661460000005,6,9,2,1,1,1,5
U0001039,2372.136357,1328.5858600000001,317.82767,2,9,4,3,2,1,4
U0001040,2585.3767080000002,1086.229634,1432.892714,2,8,6,3,3,2,4
U0001041,2465.497151,3163.747478,518.239824,5,16,5,1,2,1,5
U0001042,2126.645497,1645.3510469999999,478.878374,9,22,6,2,2,1,6
U0001043,1351.9050670000001,2107.479319,760.1788019999999,4,12,4,1,2,1,5
U0001044,2829.21067,2490.567785,920.960985,6,8,2,1,2,2,4
U0001045,2292.307785,790.430482,1210.820537,11,15,3,3,2,1,5
U0001046,2167.197677,708.938462,171.841456,6,12,5,1,3,1,4
U0001047,4637.130479,3617.16174,3590.371456,7,9,5,2,2,1,3
U0001048,2130.327679,2080.990123,1022.369829,4,21,3,2,2,1,6
U0001049,6632.137987,6615.0988,1447.610737,4,7,2,1,2,2,4
U0001050,3136.546378,2670.58446,2817.415752,7,13,7,1,1,1,5
U0001051,6741.498824,5655.81126,1941.991082,9,15,4,2,2,1,6
U0001052,872.150278,595.897751,656.497208,4,9,2,2,2,1,4
U0001053,2880.185177,1653.443702,1546.987576,3,11,2,1,1,2,4
U0001054,4068.239975,1096.828608,598.701472,5,10,3,1,2,1,5
U0001055,10273.909121,7247.17663,7285.11861,13,16,2,1,2,1,5
U0001056,3724.92549,3938.51023,938.424165,7,14,3,1,2,1,6
U0001057,3161.8184069999998,4320.051126,422.541475,10,25,2,1,1,2,6
U0001058,7766.578156,8858.325677,1621.5947,6,8,3,2,3,1,5
U0001059,16105.758094,14442.761806999999,2535.802615,7,13,4,1,2,1,5
U0001060,14651.931851,11666.562737,5220.502185,10,16,1,1,1,1,6
U0001061,11050.082083,10046.597963,11368.739999000001,4,10,2,1,2,2,3
U0001062,2614.992268,1952.845836,317.589038,13,17,2,2,2,2,5
U0001063,5068.009369,1284.696935,822.043687,8,13,5,2,2,1,5
U0001064,6562.010558,5450.980497,2126.680347,3,9,2,1,1,1,5
U0001065,8872.63831,5659.874349,7165.343943,3,6,3,2,2,1,4
U0001066,4451.46246,2325.004777,1588.946981,9,21,9,2,3,1,6
U0001067,2653.325934,4262.2781,1853.779268,4,11,7,1,2,1,6
U0001068,1172.841705,741.057856,62.337793,7,10,4,2,1,2,4
U0001069,1677.8394660000001,696.317308,2124.864986,8,25,3,2,1,1,6
U0001070,10485.082239,9575.436946,4189.867622,2,10,3,1,2,2,4
U0001071,1715.282559,3236.717299,2955.257129,3,13,6,1,3,2,4
U0001072,1398.71682,473.627101,170.896591,6,15,4,3,2,1,5
U0001073,3344.141052,7560.431376,904.715018,6,29,5,2,3,1,6
U0001074,461.814656,871.531455,486.362116,3,19,5,2,1,2,5
U0001075,1157.439104,683.92833,438.25186399999996,3,14,5,2,1,1,5
U0001076,2985.708552,1520.466717,411.495024,4,14,8,2,3,1,5
U0001077,11871.040541999999,13577.663825,12110.964627,5,13,5,2,1,2,3
U0001078,6070.788133,6210.466845,3038.7704519999998,9,9,5,2,2,2,5
U0001079,2207.800539,1573.942919,2563.409101,3,5,3,1,1,1,1
U0001080,1427.170055,909.23569,305.707981,8,23,8,2,3,2,6
U0001081,2457.030628,2954.759214,1564.682006,3,8,5,2,2,1,4
U0001082,15408.440439999998,12736.283040999999,1621.169193,3,7,2,1,2,1,5
U0001083,4758.476252,4086.33291,2576.1992229999996,5,11,2,1,1,1,6
U0001084,1434.090206,672.367778,1208.893936,11,13,5,3,2,2,3
U0001085,441.748956,521.626877,207.215594,4,11,1,1,1,1,5
U0001086,9809.946749,6475.461539,1182.46919,9,13,6,1,2,2,4
U0001087,2935.513955,4339.899026,1214.148516,3,11,6,1,1,1,5
U0001088,1864.730522,1992.7939390000001,1600.27915,3,13,7,1,3,2,6
U0001089,14811.293396000001,3978.12413,4775.608083,9,18,3,1,2,2,5
U0001090,26428.106068,18774.156638,1303.774596,10,22,3,1,2,2,6
U0001091,14401.262555,9273.843924,6404.945837,5,10,3,1,1,2,4
U0001092,11708.144116,5801.414911,8119.2479189999995,4,8,6,1,2,2,5
U0001093,13222.700975,10266.197232,2565.183831,7,11,8,1,3,2,4
U0001094,4270.554271,4194.837602,3327.623295,6,13,3,1,1,1,4
U0001095,24198.491383,17774.991368,8164.366008,9,23,4,2,1,1,6
U0001096,782.373121,384.81247,875.309346,4,5,2,2,1,2,3
U0001097,602.672646,936.289761,705.472631,5,23,7,2,2,2,5
U0001098,12443.844434,10436.818224999999,9667.205391,11,27,6,3,1,1,6
U0001099,766.748336,644.780936,178.666,5,14,2,2,1,2,6
U0001100,2234.168817,2463.282566,2842.676657,10,25,4,2,1,1,6
U0001101,13300.658142,15565.034292,10450.204136,7,12,6,1,2,1,5
U0001102,3463.709328,3544.853316,1912.368622,6,18,5,2,1,2,6
U0001103,7162.960874,8857.922921,1026.116951,9,28,11,3,1,2,5
U0001104,479.919798,1202.954446,1191.751333,3,7,7,1,3,2,4
U0001105,909.918327,2143.821648,1600.864771,2,14,5,1,2,2,5
U0001106,3641.410908,4396.403236,2265.710184,8,22,5,1,2,2,4
U0001107,16533.398104,8190.3416480000005,3150.7627009999997,6,13,4,1,2,1,6
U0001108,7914.481298,3423.771147,3707.873031,4,9,2,2,1,2,4
U0001109,39592.54055,7820.557114,26598.944586999998,4,13,5,2,2,2,3
U0001110,619.627954,584.112927,710.977486,2,8,3,2,1,2,4
U0001111,3465.372238,2894.907309,3579.627959,7,19,10,1,1,1,5
U0001112,1047.529019,1063.596458,447.68444999999997,8,15,7,1,3,2,6
U0001113,13363.207346,8039.506438,6984.026804,7,15,3,2,2,1,4
U0001114,3466.161346,3074.078971,672.6432540000001,10,27,2,1,2,2,6
U0001115,11015.235226,12298.714791,3276.417661,6,13,6,1,1,1,5
U0001116,595.5979629999999,1809.8497929999999,1936.736916,2,19,7,2,2,1,6
U0001117,3779.770953,2582.424988,1885.9698050000002,2,8,2,2,1,1,4
U0001118,1373.918553,388.73036,155.086132,9,13,6,3,1,2,5
U0001119,1102.046507,1039.133676,626.827816,7,10,2,2,1,1,4
U0001120,4573.432562999999,5401.660023,220.907898,3,18,5,1,2,1,5
U0001121,14373.519159,15442.249174999999,8356.671805,11,14,5,2,2,1,6
U0001122,991.802955,964.057675,802.776351,8,13,4,1,1,1,3
U0001123,14009.023304,8983.263434,11523.331478,6,14,5,2,3,2,4
U0001124,5601.826129,1570.13961,1286.952365,13,24,5,3,1,1,5
U0001125,3572.955203,8495.415878,3736.569249,4,12,2,1,1,2,4
U0001126,5030.371247,2049.358265,1270.430709,4,8,3,2,1,1,4
U0001127,1733.613846,1727.887912,838.116677,8,18,4,2,3,2,6
U0001128,9087.182808000001,19934.785502,11994.184758,2,11,2,1,1,1,5
U0001129,1749.442435,2351.794697,1560.306805,6,15,5,1,1,2,5
U0001130,211.746874,252.780945,186.760103,7,16,9,3,3,2,6
U0001131,13546.954736,3313.956427,6135.5857,4,5,3,1,2,1,4
U0001132,4418.911726,1475.779738,1958.5489929999999,11,14,5,3,3,2,5
U0001133,2113.844434,2242.102422,268.690071,6,21,7,2,3,1,5
U0001134,1410.20057,4025.003346,1097.3538819999999,2,15,6,3,1,1,6
U0001135,2029.887579,1361.625336,692.253741,9,16,7,3,1,2,5
U0001136,12859.121223,6529.369052,2612.340855,11,29,17,3,1,2,6
U0001137,672.315706,565.81485,67.64547400000001,3,11,2,2,2,1,6
U0001138,1162.905189,199.356738,227.746818,1,4,2,2,2,1,3
U0001139,3045.238266,4376.202071,2189.720932,6,19,8,3,2,2,3
U0001140,471.302803,595.271555,65.460751,11,18,5,1,3,1,6
U0001141,10227.480722,14646.453352,13145.994801,4,4,2,1,1,2,3
U0001142,679.602995,686.688314,469.351548,3,9,3,2,1,1,5
U0001143,10114.279387,6596.103742,6754.9580670000005,16,25,13,1,1,2,6
U0001144,1134.288191,1199.398725,322.38715,13,27,9,1,1,1,5
U0001145,6239.263025,6435.052196,2257.751839,12,16,5,2,1,2,4
U0001146,4728.9676309999995,1810.932548,4425.585671,9,23,3,2,2,1,6
U0001147,6756.6342429999995,12264.872331999999,2543.749025,18,33,9,1,1,1,6
U0001148,5462.261993,6084.358007,2385.443867,5,10,3,1,1,1,5
U0001149,3892.5531,3931.639383,1412.55216,6,8,3,2,1,1,6
U0001150,13475.372431,3544.172848,4432.446948,13,32,11,2,1,2,6
U0001151,2963.169538,692.283229,1360.903047,4,12,7,1,1,2,4
U0001152,1814.270203,396.177377,1348.978177,15,20,8,3,2,1,5
U0001153,4913.965529,4666.143626,5610.671862,4,10,3,2,2,2,6
U0001154,4845.295736,6810.258823,3780.543983,6,18,5,1,1,1,5
U0001155,2342.896752,2163.129741,2032.616128,26,42,12,2,3,1,6
U0001156,2378.217691,1318.815894,194.219098,2,10,1,1,1,1,5
U0001157,5452.819124,2946.04864,3555.6177420000004,7,13,2,1,1,2,4
U0001158,3940.420858,3689.18042,4100.3071820000005,9,19,5,3,1,1,6
U0001159,5743.145818,7878.073374,2019.004916,10,34,8,2,3,2,6
U0001160,5120.324056,6915.392439,5497.18142,7,16,4,2,2,1,5
U0001161,1672.359123,1383.911559,1426.100856,6,14,5,3,1,1,4
U0001162,6381.111054,9888.55079,5176.615899,7,14,3,2,1,1,4
U0001163,4924.517238,4787.354365,207.694853,4,16,3,2,2,1,5
U0001164,4272.535336,3984.161977,3957.6210690000003,1,9,2,1,1,1,5
U0001165,3277.529974,2941.587532,359.480381,6,16,1,1,1,2,6
U0001166,7883.51516,6424.543561,7816.761903,4,12,7,2,1,2,5
U0001167,18871.717794,19628.948459,2898.1836319999998,13,22,9,1,1,1,6
U0001168,21867.149643,2850.437973,866.849701,11,16,7,2,3,2,5
U0001169,17700.34567,17291.981695,9745.968859,5,11,4,1,1,1,6
U0001170,4744.851747,5542.058187,3929.955159,14,41,10,2,2,2,6
U0001171,3786.172279,3005.760672,2016.448354,7,15,7,1,3,1,6
U0001172,1560.784937,700.305962,600.9478340000001,15,38,9,3,2,2,6
U0001173,2054.524382,3143.934717,1322.037944,4,10,3,2,2,1,4
U0001174,14566.071542,9497.223578,2424.876654,6,10,1,1,1,2,5
U0001175,433.955263,361.671198,210.840238,2,5,3,1,2,1,3
U0001176,14123.607009,13122.717229,8831.829103,4,11,4,2,1,2,4
U0001177,79077.718448,70678.751401,34046.358341,4,14,3,3,2,2,5
U0001178,15302.771374,9008.900278,3321.503434,7,15,7,1,2,1,5
U0001179,2861.215909,3179.817426,2051.389055,9,11,1,1,1,1,5
U0001180,3317.6090409999997,5794.695181,960.716849,4,7,1,1,1,2,5
U0001181,2141.346002,2220.769578,1859.522709,14,32,11,1,1,1,6
U0001182,4265.786204999999,2723.585212,4241.525077,6,16,2,1,2,1,4
U0001183,5642.624909,6012.287556,3238.927323,4,10,5,1,2,1,5
U0001184,5876.88768,3212.402287,2988.090261,22,23,10,3,3,2,6
U0001185,5347.245824,6749.787286,6941.699762,8,21,9,3,2,2,4
U0001186,4686.592372,6581.272624,3443.101218,6,30,11,3,1,1,5
U0001187,2719.029989,4390.051342,3621.522239,3,9,2,2,2,1,4
U0001188,3225.526613,3491.0670020000002,3075.61514,4,9,5,2,3,1,4
U0001189,2659.083204,2142.378093,2225.605357,10,12,5,1,3,1,5
U0001190,4226.270438,3733.888428,1504.345927,7,15,7,3,1,2,5
U0001191,3052.889832,3111.811475,3435.239256,10,14,8,3,2,2,5
U0001192,4194.975899,3621.421622,1034.076357,7,12,3,1,1,2,6
U0001193,963.193678,967.52009,267.42197,7,36,9,2,2,1,6
U0001194,2502.518009,2676.618187,2070.067062,5,17,5,1,3,1,3
U0001195,1504.140997,1044.146025,553.694428,4,13,3,1,1,1,5
U0001196,22779.043213,19928.208151,8330.707466,6,14,3,1,3,1,4
U0001197,5218.091936,4229.080303,3715.798173,13,17,7,3,1,1,5
U0001198,12577.253187,12441.635307,5455.270905,24,28,14,1,1,2,6
U0001199,1118.789593,1814.9424490000001,1155.904153,3,13,4,2,2,1,5
U0001200,6804.238182,9968.909493,770.900648,3,14,6,2,1,2,5
